business_id,category
Po0QGzgwFrfnGJEi_akCjA,Korean
Po0QGzgwFrfnGJEi_akCjA,Barbeque
Po0QGzgwFrfnGJEi_akCjA,Restaurants
aWYWNfHuQJyRwDHaHq8X1w,Restaurants
aWYWNfHuQJyRwDHaHq8X1w,Mexican
aWYWNfHuQJyRwDHaHq8X1w,Tex-Mex
jmyvOW6G2T1fIePvajB4nQ,Tapas Bars
jmyvOW6G2T1fIePvajB4nQ,Cuban
jmyvOW6G2T1fIePvajB4nQ,Restaurants
kHpXJ2vciumu2KhNHg0hYA,Nightlife
kHpXJ2vciumu2KhNHg0hYA,American (Traditional)
kHpXJ2vciumu2KhNHg0hYA,Sports Bars
kHpXJ2vciumu2KhNHg0hYA,Restaurants
kHpXJ2vciumu2KhNHg0hYA,Bars
y_3IkHGoSkZlAqdkrMG-1w,Casinos
y_3IkHGoSkZlAqdkrMG-1w,Venues & Event Spaces
y_3IkHGoSkZlAqdkrMG-1w,Hotels & Travel
y_3IkHGoSkZlAqdkrMG-1w,Arts & Entertainment
y_3IkHGoSkZlAqdkrMG-1w,Hotels
y_3IkHGoSkZlAqdkrMG-1w,Event Planning & Services
WOd8tWsh2Yt_osHv-ngx_w,Burgers
WOd8tWsh2Yt_osHv-ngx_w,Pizza
WOd8tWsh2Yt_osHv-ngx_w,Breakfast & Brunch
WOd8tWsh2Yt_osHv-ngx_w,Restaurants
WOd8tWsh2Yt_osHv-ngx_w,French
tNJkfAMdwznUX4l31cgq4Q,Resorts
tNJkfAMdwznUX4l31cgq4Q,Hotels
tNJkfAMdwznUX4l31cgq4Q,Hotels & Travel
tNJkfAMdwznUX4l31cgq4Q,Event Planning & Services
tNJkfAMdwznUX4l31cgq4Q,Vacation Rentals
F80c5w4dUF1QoFcJG4JrmQ,Desserts
F80c5w4dUF1QoFcJG4JrmQ,American (Traditional)
F80c5w4dUF1QoFcJG4JrmQ,Restaurants
F80c5w4dUF1QoFcJG4JrmQ,Food
F80c5w4dUF1QoFcJG4JrmQ,Caterers
F80c5w4dUF1QoFcJG4JrmQ,Event Planning & Services
F80c5w4dUF1QoFcJG4JrmQ,Diners
RVTxiiWQwmeSJonJgYwwWg,Nail Salons
RVTxiiWQwmeSJonJgYwwWg,Beauty & Spas
RVTxiiWQwmeSJonJgYwwWg,Hair Removal
Kuv-QSWUtOm5IjAxcFMl8A,Restaurants
Kuv-QSWUtOm5IjAxcFMl8A,Food
Kuv-QSWUtOm5IjAxcFMl8A,Bakeries
Kuv-QSWUtOm5IjAxcFMl8A,Breakfast & Brunch
Kuv-QSWUtOm5IjAxcFMl8A,Cafes
AZQKMMvX9m1-uTdLPMzK3g,American (New)
AZQKMMvX9m1-uTdLPMzK3g,Beer
AZQKMMvX9m1-uTdLPMzK3g,Wine & Spirits
AZQKMMvX9m1-uTdLPMzK3g,Restaurants
AZQKMMvX9m1-uTdLPMzK3g,Bars
AZQKMMvX9m1-uTdLPMzK3g,Food
AZQKMMvX9m1-uTdLPMzK3g,Pubs
AZQKMMvX9m1-uTdLPMzK3g,Nightlife
JR2ma-JU1CO_xVD_p5-RPw,Restaurants
JR2ma-JU1CO_xVD_p5-RPw,Seafood
JR2ma-JU1CO_xVD_p5-RPw,American (Traditional)
nxCRx5_US4XLxufkF6-Tlw,Airport Shuttles
nxCRx5_US4XLxufkF6-Tlw,Hotels & Travel
nxCRx5_US4XLxufkF6-Tlw,Transportation
YQFcxE9UXrKc-QuTUu7twQ,Bars
YQFcxE9UXrKc-QuTUu7twQ,Nightlife
YQFcxE9UXrKc-QuTUu7twQ,Restaurants
YQFcxE9UXrKc-QuTUu7twQ,Mexican
YQFcxE9UXrKc-QuTUu7twQ,Sports Bars
A6qvHu4tVEKzwjZjWSCeRQ,Performing Arts
A6qvHu4tVEKzwjZjWSCeRQ,Arts & Entertainment
5pMNyj77S1P3rrT69y1pkQ,Restaurants
5pMNyj77S1P3rrT69y1pkQ,Pizza
BkIZ8UDA23qxnp_kR1Sv8Q,Cafes
BkIZ8UDA23qxnp_kR1Sv8Q,Burgers
BkIZ8UDA23qxnp_kR1Sv8Q,Breakfast & Brunch
BkIZ8UDA23qxnp_kR1Sv8Q,Comfort Food
BkIZ8UDA23qxnp_kR1Sv8Q,Restaurants
q10IXjtZqao66bVtPExTXw,Heating & Air Conditioning/HVAC
q10IXjtZqao66bVtPExTXw,Water Purification Services
q10IXjtZqao66bVtPExTXw,Home Services
q10IXjtZqao66bVtPExTXw,Plumbing
ZPAkg2phFo_p3U-QjvHVPw,Salad
ZPAkg2phFo_p3U-QjvHVPw,Pizza
ZPAkg2phFo_p3U-QjvHVPw,Restaurants
ZPAkg2phFo_p3U-QjvHVPw,Sandwiches
ZPAkg2phFo_p3U-QjvHVPw,Italian
iPPzDL_oY8SJCjmycuXcVg,Coffee & Tea
iPPzDL_oY8SJCjmycuXcVg,Food
iPPzDL_oY8SJCjmycuXcVg,Beer
iPPzDL_oY8SJCjmycuXcVg,Wine & Spirits
iPPzDL_oY8SJCjmycuXcVg,Juice Bars & Smoothies
iPPzDL_oY8SJCjmycuXcVg,Restaurants
iPPzDL_oY8SJCjmycuXcVg,Comfort Food
iPPzDL_oY8SJCjmycuXcVg,American (Traditional)
jBs2HmEOkqCvdHNnw3N-og,Sandwiches
jBs2HmEOkqCvdHNnw3N-og,Burgers
jBs2HmEOkqCvdHNnw3N-og,Restaurants
jBs2HmEOkqCvdHNnw3N-og,American (Traditional)
FML0YqZ7dLBBC3Suap4_4Q,Restaurants
FML0YqZ7dLBBC3Suap4_4Q,Tapas/Small Plates
FML0YqZ7dLBBC3Suap4_4Q,Nightlife
FML0YqZ7dLBBC3Suap4_4Q,Bars
H8qlBw1YaxMsItfz25-AyA,Restaurants
H8qlBw1YaxMsItfz25-AyA,American (New)
H8qlBw1YaxMsItfz25-AyA,Chicken Wings
H8qlBw1YaxMsItfz25-AyA,Burgers
AuIiqDeL65kczmiFSkAWrA,Italian
AuIiqDeL65kczmiFSkAWrA,Restaurants
AuIiqDeL65kczmiFSkAWrA,Nightlife
AuIiqDeL65kczmiFSkAWrA,Bars
sAXy1yJRLllTm5WrJbJGAA,Restaurants
sAXy1yJRLllTm5WrJbJGAA,Steakhouses
nnB9aw5tLaYZHgAvwzpPOg,Irish
nnB9aw5tLaYZHgAvwzpPOg,Restaurants
Bkkwt8E9MHvgCHn4lUFtow,Steakhouses
Bkkwt8E9MHvgCHn4lUFtow,Hawaiian
Bkkwt8E9MHvgCHn4lUFtow,Seafood
Bkkwt8E9MHvgCHn4lUFtow,Restaurants
Bkkwt8E9MHvgCHn4lUFtow,Asian Fusion
H85um1dDQHAeUJ6AqYIqww,Movers
H85um1dDQHAeUJ6AqYIqww,Real Estate
H85um1dDQHAeUJ6AqYIqww,Real Estate Services
H85um1dDQHAeUJ6AqYIqww,Home Services
cNz2tTTAPmdeAq6HnGeo8w,Restaurants
cNz2tTTAPmdeAq6HnGeo8w,Seafood
sH-11zOhWubXobEeuMo2gg,Fast Food
sH-11zOhWubXobEeuMo2gg,Sandwiches
sH-11zOhWubXobEeuMo2gg,Scottish
sH-11zOhWubXobEeuMo2gg,Restaurants
82I9SSilxh3zL8F1UQ45Xw,Bars
82I9SSilxh3zL8F1UQ45Xw,Beer
82I9SSilxh3zL8F1UQ45Xw,Wine & Spirits
82I9SSilxh3zL8F1UQ45Xw,Sports Bars
82I9SSilxh3zL8F1UQ45Xw,Nightlife
82I9SSilxh3zL8F1UQ45Xw,Food
82I9SSilxh3zL8F1UQ45Xw,Restaurants
82I9SSilxh3zL8F1UQ45Xw,Breweries
82I9SSilxh3zL8F1UQ45Xw,American (Traditional)
A6nY4SCrMuLPtlbq-EKnfA,American (New)
A6nY4SCrMuLPtlbq-EKnfA,Wine Bars
A6nY4SCrMuLPtlbq-EKnfA,Restaurants
A6nY4SCrMuLPtlbq-EKnfA,Bars
A6nY4SCrMuLPtlbq-EKnfA,Nightlife
JOoblYsQjFT-47tkt6om0A,Bars
JOoblYsQjFT-47tkt6om0A,Italian
JOoblYsQjFT-47tkt6om0A,Breakfast & Brunch
JOoblYsQjFT-47tkt6om0A,Nightlife
JOoblYsQjFT-47tkt6om0A,Restaurants
JQLi-Ow9pg391iMzw5LSwg,Breakfast & Brunch
JQLi-Ow9pg391iMzw5LSwg,Restaurants
hDD6-yk1yuuRIvfdtHsISg,Japanese
hDD6-yk1yuuRIvfdtHsISg,Nightlife
hDD6-yk1yuuRIvfdtHsISg,Bars
hDD6-yk1yuuRIvfdtHsISg,Lounges
hDD6-yk1yuuRIvfdtHsISg,Restaurants
hDD6-yk1yuuRIvfdtHsISg,Sushi Bars
i1Xkm22_96GNVVOXSUoL0A,Seafood
i1Xkm22_96GNVVOXSUoL0A,Restaurants
i1Xkm22_96GNVVOXSUoL0A,Cajun/Creole
i1Xkm22_96GNVVOXSUoL0A,Asian Fusion
Uq-GOs9_IqweUsB5MdII9w,Comfort Food
Uq-GOs9_IqweUsB5MdII9w,Breakfast & Brunch
Uq-GOs9_IqweUsB5MdII9w,Restaurants
Uq-GOs9_IqweUsB5MdII9w,Food
Uq-GOs9_IqweUsB5MdII9w,Bakeries
M10n-ivjDkkdLaxIYNafFQ,Barbeque
M10n-ivjDkkdLaxIYNafFQ,Southern
M10n-ivjDkkdLaxIYNafFQ,Restaurants
CElwRv4CtK56NljAuCwepw,Italian
CElwRv4CtK56NljAuCwepw,Sandwiches
CElwRv4CtK56NljAuCwepw,Restaurants
CElwRv4CtK56NljAuCwepw,Pizza
A7jbtXYFAZhErOW7xIQinA,Barbeque
A7jbtXYFAZhErOW7xIQinA,Restaurants
A7jbtXYFAZhErOW7xIQinA,Korean
uE1sIGWRJwpLPN858FRPRw,Food
uE1sIGWRJwpLPN858FRPRw,Specialty Food
uE1sIGWRJwpLPN858FRPRw,Desserts
uE1sIGWRJwpLPN858FRPRw,Candy Stores
uE1sIGWRJwpLPN858FRPRw,Chocolatiers & Shops
qxlZ-hy9MIses8t65uDkkA,Hotels & Travel
qxlZ-hy9MIses8t65uDkkA,Hotels
qxlZ-hy9MIses8t65uDkkA,Event Planning & Services
qxlZ-hy9MIses8t65uDkkA,Venues & Event Spaces
hHe1mFDxxrtejXHfiysJJg,Restaurants
hHe1mFDxxrtejXHfiysJJg,Fondue
tnG4_L5bZiffTbaFru9EBg,Middle Eastern
tnG4_L5bZiffTbaFru9EBg,Arabian
tnG4_L5bZiffTbaFru9EBg,Home Services
tnG4_L5bZiffTbaFru9EBg,Restaurants
tnG4_L5bZiffTbaFru9EBg,Mediterranean
tnG4_L5bZiffTbaFru9EBg,Buffets
tnG4_L5bZiffTbaFru9EBg,Food
tnG4_L5bZiffTbaFru9EBg,Building Supplies
tnG4_L5bZiffTbaFru9EBg,Lebanese
tnG4_L5bZiffTbaFru9EBg,Grocery
yF-KH1l-rLVJaON8gfpyig,Restaurants
yF-KH1l-rLVJaON8gfpyig,Burgers
yF-KH1l-rLVJaON8gfpyig,American (Traditional)
LI9sVHgnX-DzFyvWmPDRgA,Restaurants
LI9sVHgnX-DzFyvWmPDRgA,Indian
F-PmkzyN80fVcNMN8Z2aiw,Restaurants
F-PmkzyN80fVcNMN8Z2aiw,Tex-Mex
F-PmkzyN80fVcNMN8Z2aiw,Food
F-PmkzyN80fVcNMN8Z2aiw,Desserts
F-PmkzyN80fVcNMN8Z2aiw,Mexican
F-PmkzyN80fVcNMN8Z2aiw,Salad
6Wc5DPXGudcNi2XK7QfQtA,Mexican
6Wc5DPXGudcNi2XK7QfQtA,Tex-Mex
6Wc5DPXGudcNi2XK7QfQtA,Cafes
6Wc5DPXGudcNi2XK7QfQtA,Restaurants
1dYpffQi3qdh-dkXF4LZBw,Burgers
1dYpffQi3qdh-dkXF4LZBw,Restaurants
bRntmjztJ4dFDA_LYiEECw,Coffee & Tea
bRntmjztJ4dFDA_LYiEECw,Shopping
bRntmjztJ4dFDA_LYiEECw,Cafes
bRntmjztJ4dFDA_LYiEECw,Nightlife
bRntmjztJ4dFDA_LYiEECw,Bars
bRntmjztJ4dFDA_LYiEECw,Restaurants
bRntmjztJ4dFDA_LYiEECw,Hobby Shops
bRntmjztJ4dFDA_LYiEECw,Food
h4Q-uSoOIhMoIsOhat6l3A,Bars
h4Q-uSoOIhMoIsOhat6l3A,Mexican
h4Q-uSoOIhMoIsOhat6l3A,Restaurants
h4Q-uSoOIhMoIsOhat6l3A,Nightlife
xxo0GsAFxQzUGStmCG6jWw,Restaurants
xxo0GsAFxQzUGStmCG6jWw,Buffets
xxo0GsAFxQzUGStmCG6jWw,Mongolian
xxo0GsAFxQzUGStmCG6jWw,Chinese
xxo0GsAFxQzUGStmCG6jWw,Vegan
xxo0GsAFxQzUGStmCG6jWw,Thai
xxo0GsAFxQzUGStmCG6jWw,Vegetarian
xxo0GsAFxQzUGStmCG6jWw,Asian Fusion
nFR7dDedxRuBeZz_6Cdalg,Restaurants
nFR7dDedxRuBeZz_6Cdalg,Mexican
nFR7dDedxRuBeZz_6Cdalg,Breakfast & Brunch
nFR7dDedxRuBeZz_6Cdalg,Bars
nFR7dDedxRuBeZz_6Cdalg,Nightlife
BKLWat64KRYzsT2DgY6Xxg,Ice Cream & Frozen Yogurt
BKLWat64KRYzsT2DgY6Xxg,Food
zMnojW6x-1-nVu0uCd60Ew,Nightlife
zMnojW6x-1-nVu0uCd60Ew,American (New)
zMnojW6x-1-nVu0uCd60Ew,Pubs
zMnojW6x-1-nVu0uCd60Ew,Restaurants
zMnojW6x-1-nVu0uCd60Ew,Bars
zMnojW6x-1-nVu0uCd60Ew,Whiskey Bars
1WBVqmo7tgF0z0eGf4fPhQ,Restaurants
1WBVqmo7tgF0z0eGf4fPhQ,Italian
Dqzkdf0sz8lm9AFjfsDmIw,Steakhouses
Dqzkdf0sz8lm9AFjfsDmIw,Seafood
Dqzkdf0sz8lm9AFjfsDmIw,Bars
Dqzkdf0sz8lm9AFjfsDmIw,Nightlife
Dqzkdf0sz8lm9AFjfsDmIw,Restaurants
3QQEc5QUP-h6LCkUZQEYQw,Nightlife
3QQEc5QUP-h6LCkUZQEYQw,Pizza
3QQEc5QUP-h6LCkUZQEYQw,Bars
3QQEc5QUP-h6LCkUZQEYQw,Sports Bars
3QQEc5QUP-h6LCkUZQEYQw,Restaurants
nkHaix6KenApS8M-liZsCQ,Bars
nkHaix6KenApS8M-liZsCQ,French
nkHaix6KenApS8M-liZsCQ,Nightlife
nkHaix6KenApS8M-liZsCQ,Restaurants
nkHaix6KenApS8M-liZsCQ,Lounges
nkHaix6KenApS8M-liZsCQ,American (New)
fqBnZxSkG287OOyU9LvTig,Nightlife
fqBnZxSkG287OOyU9LvTig,Bars
NgDyxaeItFSInv7J5paGLQ,Irish Pub
NgDyxaeItFSInv7J5paGLQ,Nightlife
NgDyxaeItFSInv7J5paGLQ,Restaurants
NgDyxaeItFSInv7J5paGLQ,Bars
NgDyxaeItFSInv7J5paGLQ,Gastropubs
NgDyxaeItFSInv7J5paGLQ,American (Traditional)
8nNB_yG1gzVpbqNH2EBucg,Sandwiches
8nNB_yG1gzVpbqNH2EBucg,Nightlife
8nNB_yG1gzVpbqNH2EBucg,Restaurants
8nNB_yG1gzVpbqNH2EBucg,Tex-Mex
8nNB_yG1gzVpbqNH2EBucg,Bars
8nNB_yG1gzVpbqNH2EBucg,Mexican
ebEP_MZngIWKH0Ixobcqhg,Active Life
ebEP_MZngIWKH0Ixobcqhg,Parks
ebEP_MZngIWKH0Ixobcqhg,Dog Parks
ebEP_MZngIWKH0Ixobcqhg,Fishing
ebEP_MZngIWKH0Ixobcqhg,Disc Golf
M-SS_Kr0zlC7v8kBSRa74g,Restaurants
M-SS_Kr0zlC7v8kBSRa74g,Sushi Bars
gHngt6zpP683GKe1i23LUg,Restaurants
gHngt6zpP683GKe1i23LUg,Breakfast & Brunch
gHngt6zpP683GKe1i23LUg,Seafood
gHngt6zpP683GKe1i23LUg,American (Traditional)
KhWl4Mwhm_Oqq0zIIz-0wQ,Buffets
KhWl4Mwhm_Oqq0zIIz-0wQ,Restaurants
KhWl4Mwhm_Oqq0zIIz-0wQ,Seafood
fUKi8LlQhzsGntuZjfvLWg,Taiwanese
fUKi8LlQhzsGntuZjfvLWg,Restaurants
fUKi8LlQhzsGntuZjfvLWg,Chinese
-_TSaVr53qiEGqMkwyEMaQ,Sandwiches
-_TSaVr53qiEGqMkwyEMaQ,Restaurants
-_TSaVr53qiEGqMkwyEMaQ,Mediterranean
-_TSaVr53qiEGqMkwyEMaQ,Middle Eastern
-sN_og_84rLW22CaE3cjVw,Restaurants
-sN_og_84rLW22CaE3cjVw,Filipino
-sN_og_84rLW22CaE3cjVw,Asian Fusion
-sN_og_84rLW22CaE3cjVw,Barbeque
odVKlMYqb4FHJXManv-VRA,Juice Bars & Smoothies
odVKlMYqb4FHJXManv-VRA,Gluten-Free
odVKlMYqb4FHJXManv-VRA,Breakfast & Brunch
odVKlMYqb4FHJXManv-VRA,Vegetarian
odVKlMYqb4FHJXManv-VRA,Restaurants
odVKlMYqb4FHJXManv-VRA,Food
odVKlMYqb4FHJXManv-VRA,Asian Fusion
odVKlMYqb4FHJXManv-VRA,Mediterranean
_y1Et7f4NE6D1P1GzphlIw,Salad
_y1Et7f4NE6D1P1GzphlIw,Pizza
_y1Et7f4NE6D1P1GzphlIw,Restaurants
_y1Et7f4NE6D1P1GzphlIw,Fast Food
_y1Et7f4NE6D1P1GzphlIw,Gluten-Free
fUEHk00pkkuXaGdHQa2eKg,Car Dealers
fUEHk00pkkuXaGdHQa2eKg,Automotive
fUEHk00pkkuXaGdHQa2eKg,Auto Repair
2s2ww6WaulfOEI16s1uyDg,Food
2s2ww6WaulfOEI16s1uyDg,Coffee & Tea
fbLYRHIZAt3q839whhaBUg,Restaurants
fbLYRHIZAt3q839whhaBUg,Italian
fbLYRHIZAt3q839whhaBUg,Pizza
M5gj8a6Qtjy06lh3L5zUqA,Event Planning & Services
M5gj8a6Qtjy06lh3L5zUqA,Beauty & Spas
M5gj8a6Qtjy06lh3L5zUqA,Hotels
M5gj8a6Qtjy06lh3L5zUqA,Day Spas
M5gj8a6Qtjy06lh3L5zUqA,Hotels & Travel
M5gj8a6Qtjy06lh3L5zUqA,Restaurants
qiRyyRWt6jmAxcoVW0-WHA,Buffets
qiRyyRWt6jmAxcoVW0-WHA,Sushi Bars
qiRyyRWt6jmAxcoVW0-WHA,Restaurants
qiRyyRWt6jmAxcoVW0-WHA,Chinese
qiRyyRWt6jmAxcoVW0-WHA,Japanese
hCsJv234v62MgdsUU1j8dQ,Restaurants
hCsJv234v62MgdsUU1j8dQ,Seafood
Ffhe2cmRyloz3CCdRGvHtA,Event Planning & Services
Ffhe2cmRyloz3CCdRGvHtA,Food
Ffhe2cmRyloz3CCdRGvHtA,Caterers
Ffhe2cmRyloz3CCdRGvHtA,Sandwiches
Ffhe2cmRyloz3CCdRGvHtA,Restaurants
Ffhe2cmRyloz3CCdRGvHtA,Food Delivery Services
WmLTIN4qzZ8SjpPxsPH27Q,Hot Dogs
WmLTIN4qzZ8SjpPxsPH27Q,Restaurants
iw9p7E4bMe1YW-APcFGjgQ,Lounges
iw9p7E4bMe1YW-APcFGjgQ,Restaurants
iw9p7E4bMe1YW-APcFGjgQ,Sports Bars
iw9p7E4bMe1YW-APcFGjgQ,Food
iw9p7E4bMe1YW-APcFGjgQ,Nightlife
iw9p7E4bMe1YW-APcFGjgQ,Beer
iw9p7E4bMe1YW-APcFGjgQ,Wine & Spirits
iw9p7E4bMe1YW-APcFGjgQ,American (Traditional)
iw9p7E4bMe1YW-APcFGjgQ,Bars
UK2Onb024Azao0DrTHSvhg,Specialty Food
UK2Onb024Azao0DrTHSvhg,Greek
UK2Onb024Azao0DrTHSvhg,Food
UK2Onb024Azao0DrTHSvhg,Restaurants
UK2Onb024Azao0DrTHSvhg,Ethnic Food
ukMx8YJRoPWv1JSJAwjuWg,Automotive
ukMx8YJRoPWv1JSJAwjuWg,Auto Detailing
ukMx8YJRoPWv1JSJAwjuWg,Car Wash
QteBKpZTRa2dJ3u7MLiXww,Mexican
QteBKpZTRa2dJ3u7MLiXww,Restaurants
-ipc5f0XiXwH3hbNnro54Q,Ticket Sales
-ipc5f0XiXwH3hbNnro54Q,Cinema
-ipc5f0XiXwH3hbNnro54Q,Arts & Entertainment
npWIa3dIPEV1MTaZNq6AUA,Seafood
npWIa3dIPEV1MTaZNq6AUA,Steakhouses
npWIa3dIPEV1MTaZNq6AUA,Bars
npWIa3dIPEV1MTaZNq6AUA,Restaurants
npWIa3dIPEV1MTaZNq6AUA,Wine Bars
npWIa3dIPEV1MTaZNq6AUA,Nightlife
npWIa3dIPEV1MTaZNq6AUA,American (New)
npWIa3dIPEV1MTaZNq6AUA,American (Traditional)
Fx5haZv9PP3E7Ljp-h7B1Q,Food
Fx5haZv9PP3E7Ljp-h7B1Q,Juice Bars & Smoothies
Fx5haZv9PP3E7Ljp-h7B1Q,Breakfast & Brunch
Fx5haZv9PP3E7Ljp-h7B1Q,Restaurants
VuCrxI61nT30OndMcrPgkA,Food
VuCrxI61nT30OndMcrPgkA,Beer
VuCrxI61nT30OndMcrPgkA,Wine & Spirits
VuCrxI61nT30OndMcrPgkA,Wine Bars
VuCrxI61nT30OndMcrPgkA,Nightlife
VuCrxI61nT30OndMcrPgkA,Coffee & Tea
VuCrxI61nT30OndMcrPgkA,Bars
8B1TIuaqhaZ7QMEhDUu-Gg,Food
8B1TIuaqhaZ7QMEhDUu-Gg,Coffee & Tea
8B1TIuaqhaZ7QMEhDUu-Gg,American (New)
8B1TIuaqhaZ7QMEhDUu-Gg,Restaurants
8B1TIuaqhaZ7QMEhDUu-Gg,Breakfast & Brunch
_mg5bYknpZgaWSfjQVmrJQ,Italian
_mg5bYknpZgaWSfjQVmrJQ,Restaurants
_mg5bYknpZgaWSfjQVmrJQ,Pizza
ydqbNz2sHENV9XOElwyAYA,Restaurants
ydqbNz2sHENV9XOElwyAYA,Seafood
ydqbNz2sHENV9XOElwyAYA,Tex-Mex
ydqbNz2sHENV9XOElwyAYA,Bars
ydqbNz2sHENV9XOElwyAYA,New Mexican Cuisine
ydqbNz2sHENV9XOElwyAYA,Nightlife
ydqbNz2sHENV9XOElwyAYA,Mexican
1WHM7EnTMSjteM9UEr86tA,Auto Repair
1WHM7EnTMSjteM9UEr86tA,Automotive
1WHM7EnTMSjteM9UEr86tA,Car Dealers
1WHM7EnTMSjteM9UEr86tA,Oil Change Stations
TLMysu1mWiLEslCBon5W1g,Canadian (New)
TLMysu1mWiLEslCBon5W1g,Modern European
TLMysu1mWiLEslCBon5W1g,Restaurants
TLMysu1mWiLEslCBon5W1g,Italian
5j2ugUALtjsa2nkV1YGq5Q,Sushi Bars
5j2ugUALtjsa2nkV1YGq5Q,Restaurants
5j2ugUALtjsa2nkV1YGq5Q,Asian Fusion
5j2ugUALtjsa2nkV1YGq5Q,Japanese
cwCLcQns_SSExsBCzWNQDA,Tex-Mex
cwCLcQns_SSExsBCzWNQDA,Mexican
cwCLcQns_SSExsBCzWNQDA,Restaurants
GqjC12LAufljzZmMcPSPJw,Restaurants
GqjC12LAufljzZmMcPSPJw,Breakfast & Brunch
GqjC12LAufljzZmMcPSPJw,American (New)
9Eghhu_LzEJgDKNgisf3rg,Beer
9Eghhu_LzEJgDKNgisf3rg,Wine & Spirits
9Eghhu_LzEJgDKNgisf3rg,Food
9Eghhu_LzEJgDKNgisf3rg,Restaurants
9Eghhu_LzEJgDKNgisf3rg,Nightlife
9Eghhu_LzEJgDKNgisf3rg,Wine Bars
9Eghhu_LzEJgDKNgisf3rg,Specialty Food
9Eghhu_LzEJgDKNgisf3rg,Italian
9Eghhu_LzEJgDKNgisf3rg,Bars
mXyLqsbe7FT1X8ZFOP8WpQ,Bars
mXyLqsbe7FT1X8ZFOP8WpQ,Restaurants
mXyLqsbe7FT1X8ZFOP8WpQ,Sports Bars
mXyLqsbe7FT1X8ZFOP8WpQ,American (New)
mXyLqsbe7FT1X8ZFOP8WpQ,Nightlife
axi57Y3h5c8BxM1Xyj0KBw,Pizza
axi57Y3h5c8BxM1Xyj0KBw,Restaurants
T1tvWywCdTv8YiK-r_roLw,Food
T1tvWywCdTv8YiK-r_roLw,Ice Cream & Frozen Yogurt
b1WGIdd_oSwGYZtC769Shw,Juice Bars & Smoothies
b1WGIdd_oSwGYZtC769Shw,Food
b1WGIdd_oSwGYZtC769Shw,Breakfast & Brunch
b1WGIdd_oSwGYZtC769Shw,Sandwiches
b1WGIdd_oSwGYZtC769Shw,American (New)
b1WGIdd_oSwGYZtC769Shw,Restaurants
bXbCGFk3ZjLcTdQQB-xPyQ,Italian
bXbCGFk3ZjLcTdQQB-xPyQ,Restaurants
rNqSjfRM09T-VOjRTAF66g,Dim Sum
rNqSjfRM09T-VOjRTAF66g,Chinese
rNqSjfRM09T-VOjRTAF66g,Restaurants
3b14ebd1k9y7VJbp5hC0gg,Wine Bars
3b14ebd1k9y7VJbp5hC0gg,Restaurants
3b14ebd1k9y7VJbp5hC0gg,Wineries
3b14ebd1k9y7VJbp5hC0gg,Bars
3b14ebd1k9y7VJbp5hC0gg,Tapas/Small Plates
3b14ebd1k9y7VJbp5hC0gg,Sandwiches
3b14ebd1k9y7VJbp5hC0gg,Food
3b14ebd1k9y7VJbp5hC0gg,Nightlife
3b14ebd1k9y7VJbp5hC0gg,Arts & Entertainment
gGt00WW8sNY2Sop7jYa7Tw,Bars
gGt00WW8sNY2Sop7jYa7Tw,Restaurants
gGt00WW8sNY2Sop7jYa7Tw,Tex-Mex
gGt00WW8sNY2Sop7jYa7Tw,Mexican
gGt00WW8sNY2Sop7jYa7Tw,Food
gGt00WW8sNY2Sop7jYa7Tw,Specialty Food
gGt00WW8sNY2Sop7jYa7Tw,Ethnic Food
gGt00WW8sNY2Sop7jYa7Tw,Nightlife
rkqTVzTkLaWSUybaWUMIdA,Restaurants
rkqTVzTkLaWSUybaWUMIdA,American (Traditional)
rkqTVzTkLaWSUybaWUMIdA,Burgers
ndTgznMYNe0n26VqzecEKQ,Local Services
ndTgznMYNe0n26VqzecEKQ,Home Services
ndTgznMYNe0n26VqzecEKQ,Flooring
ndTgznMYNe0n26VqzecEKQ,Professional Services
ndTgznMYNe0n26VqzecEKQ,Office Cleaning
ndTgznMYNe0n26VqzecEKQ,Home Cleaning
ndTgznMYNe0n26VqzecEKQ,Air Duct Cleaning
ndTgznMYNe0n26VqzecEKQ,Carpeting
ndTgznMYNe0n26VqzecEKQ,Carpet Cleaning
wrhPNdPh0FfSv3DMS0obhw,Active Life
wrhPNdPh0FfSv3DMS0obhw,Aquariums
wrhPNdPh0FfSv3DMS0obhw,Arts & Entertainment
wrhPNdPh0FfSv3DMS0obhw,Event Planning & Services
wrhPNdPh0FfSv3DMS0obhw,Venues & Event Spaces
4p6Wce7Ed707QS2-yQkvZw,American (New)
4p6Wce7Ed707QS2-yQkvZw,Restaurants
RPO5ISR18Xllgk9ahdPepA,American (New)
RPO5ISR18Xllgk9ahdPepA,Bars
RPO5ISR18Xllgk9ahdPepA,Food
RPO5ISR18Xllgk9ahdPepA,Nightlife
RPO5ISR18Xllgk9ahdPepA,Desserts
RPO5ISR18Xllgk9ahdPepA,Restaurants
VxRlBe2wjtycFWSZm1orTA,Pubs
VxRlBe2wjtycFWSZm1orTA,Bars
VxRlBe2wjtycFWSZm1orTA,Nightlife
VxRlBe2wjtycFWSZm1orTA,Irish
VxRlBe2wjtycFWSZm1orTA,British
VxRlBe2wjtycFWSZm1orTA,Restaurants
TyZnv8aX1OJfBKoyuYgZLQ,Music Venues
TyZnv8aX1OJfBKoyuYgZLQ,Restaurants
TyZnv8aX1OJfBKoyuYgZLQ,Bars
TyZnv8aX1OJfBKoyuYgZLQ,Nightlife
TyZnv8aX1OJfBKoyuYgZLQ,Burgers
TyZnv8aX1OJfBKoyuYgZLQ,Arts & Entertainment
Ipkl7KtlqxCe8bMMkwHwPQ,Burgers
Ipkl7KtlqxCe8bMMkwHwPQ,Restaurants
Ipkl7KtlqxCe8bMMkwHwPQ,Comfort Food
Ipkl7KtlqxCe8bMMkwHwPQ,Breakfast & Brunch
Ipkl7KtlqxCe8bMMkwHwPQ,Diners
Ipkl7KtlqxCe8bMMkwHwPQ,American (Traditional)
kZspuWnM0Y-Losvk2Rl0lA,Restaurants
kZspuWnM0Y-Losvk2Rl0lA,Coffee & Tea
kZspuWnM0Y-Losvk2Rl0lA,Mediterranean
kZspuWnM0Y-Losvk2Rl0lA,Halal
kZspuWnM0Y-Losvk2Rl0lA,Food
kZspuWnM0Y-Losvk2Rl0lA,Vegetarian
kZspuWnM0Y-Losvk2Rl0lA,Burgers
kZspuWnM0Y-Losvk2Rl0lA,Cafes
kZspuWnM0Y-Losvk2Rl0lA,Sandwiches
OYHpqY6-3C-wXR-uPbHhwA,Cafes
OYHpqY6-3C-wXR-uPbHhwA,French
OYHpqY6-3C-wXR-uPbHhwA,Restaurants
OYHpqY6-3C-wXR-uPbHhwA,American (Traditional)
OYHpqY6-3C-wXR-uPbHhwA,Burgers
OYHpqY6-3C-wXR-uPbHhwA,Breakfast & Brunch
DPZBuTuL7w5MVxsCEyQudQ,Shopping
DPZBuTuL7w5MVxsCEyQudQ,Electronics
VzSUgIOcyO7JmTwYDnyivQ,Restaurants
VzSUgIOcyO7JmTwYDnyivQ,Chinese
l694_5M7NF-5GDxfH2dCNg,Car Dealers
l694_5M7NF-5GDxfH2dCNg,Auto Repair
l694_5M7NF-5GDxfH2dCNg,Automotive
s2I_Ni76bjJNK9yG60iD-Q,Coffee & Tea
s2I_Ni76bjJNK9yG60iD-Q,Food
s2I_Ni76bjJNK9yG60iD-Q,Cafes
s2I_Ni76bjJNK9yG60iD-Q,Bakeries
s2I_Ni76bjJNK9yG60iD-Q,Sandwiches
s2I_Ni76bjJNK9yG60iD-Q,Restaurants
mygLP5-SCnQwIev6LU9gWg,Restaurants
mygLP5-SCnQwIev6LU9gWg,Mediterranean
mygLP5-SCnQwIev6LU9gWg,American (Traditional)
mygLP5-SCnQwIev6LU9gWg,Greek
7qo6rqDjlHds8ObxzxBD4A,Italian
7qo6rqDjlHds8ObxzxBD4A,Restaurants
7qo6rqDjlHds8ObxzxBD4A,Local Flavor
7qo6rqDjlHds8ObxzxBD4A,Pizza
7qo6rqDjlHds8ObxzxBD4A,Event Planning & Services
7qo6rqDjlHds8ObxzxBD4A,Food
7qo6rqDjlHds8ObxzxBD4A,Caterers
ues2rFe_hbRC7s232PX5QA,Irish
ues2rFe_hbRC7s232PX5QA,Pubs
ues2rFe_hbRC7s232PX5QA,Restaurants
ues2rFe_hbRC7s232PX5QA,Nightlife
ues2rFe_hbRC7s232PX5QA,Bars
oa52t2Nfb7sOCqJE5M5hzg,Restaurants
oa52t2Nfb7sOCqJE5M5hzg,Sushi Bars
oa52t2Nfb7sOCqJE5M5hzg,Japanese
oa52t2Nfb7sOCqJE5M5hzg,Asian Fusion
oa52t2Nfb7sOCqJE5M5hzg,Teppanyaki
pSMK_FtULKiU-iuh7SMKwg,Pizza
pSMK_FtULKiU-iuh7SMKwg,Gluten-Free
pSMK_FtULKiU-iuh7SMKwg,Salad
pSMK_FtULKiU-iuh7SMKwg,Restaurants
pSMK_FtULKiU-iuh7SMKwg,Fast Food
6oKZoCI_0ePyzfRqSFMBig,Asian Fusion
6oKZoCI_0ePyzfRqSFMBig,Hawaiian
6oKZoCI_0ePyzfRqSFMBig,Restaurants
6oKZoCI_0ePyzfRqSFMBig,Seafood
6oKZoCI_0ePyzfRqSFMBig,Steakhouses
LYNKKnl4jAiU1-U-97gR5Q,Ziplining
LYNKKnl4jAiU1-U-97gR5Q,Active Life
LYNKKnl4jAiU1-U-97gR5Q,Amusement Parks
EWbNTPW0co_X4lZRB-QTLQ,Thai
EWbNTPW0co_X4lZRB-QTLQ,Restaurants
EWbNTPW0co_X4lZRB-QTLQ,Chinese
LtO6vTBfYzlgWArn3kRe_A,Restaurants
LtO6vTBfYzlgWArn3kRe_A,Mexican
JBrBsKpw0bbXK5nlrXVOYQ,Pizza
JBrBsKpw0bbXK5nlrXVOYQ,Italian
JBrBsKpw0bbXK5nlrXVOYQ,Restaurants
N5CL5HLS6lyltw-OjjBrOw,Restaurants
N5CL5HLS6lyltw-OjjBrOw,Nightlife
N5CL5HLS6lyltw-OjjBrOw,Vegan
N5CL5HLS6lyltw-OjjBrOw,Bars
N5CL5HLS6lyltw-OjjBrOw,Mexican
Gw-ozqLSHoP3BQPKaiXJGg,Restaurants
Gw-ozqLSHoP3BQPKaiXJGg,Nightlife
Gw-ozqLSHoP3BQPKaiXJGg,Bars
Gw-ozqLSHoP3BQPKaiXJGg,American (New)
Gw-ozqLSHoP3BQPKaiXJGg,Pubs
Gw-ozqLSHoP3BQPKaiXJGg,Arts & Entertainment
Gw-ozqLSHoP3BQPKaiXJGg,Lounges
Gw-ozqLSHoP3BQPKaiXJGg,Music Venues
Gw-ozqLSHoP3BQPKaiXJGg,American (Traditional)
VWtT4DKxQ4YVRWT88Z5SMA,Cafes
VWtT4DKxQ4YVRWT88Z5SMA,Food
VWtT4DKxQ4YVRWT88Z5SMA,Coffee & Tea
VWtT4DKxQ4YVRWT88Z5SMA,Restaurants
ytk8XVFegCSdSBXLDZutpw,Breakfast & Brunch
ytk8XVFegCSdSBXLDZutpw,Asian Fusion
ytk8XVFegCSdSBXLDZutpw,Nightlife
ytk8XVFegCSdSBXLDZutpw,Burgers
ytk8XVFegCSdSBXLDZutpw,Food
ytk8XVFegCSdSBXLDZutpw,Bars
ytk8XVFegCSdSBXLDZutpw,Beer
ytk8XVFegCSdSBXLDZutpw,Wine & Spirits
ytk8XVFegCSdSBXLDZutpw,Restaurants
H-WYHSzXPWS9Avj0W6SRpg,Buffets
H-WYHSzXPWS9Avj0W6SRpg,Breakfast & Brunch
H-WYHSzXPWS9Avj0W6SRpg,Restaurants
mzREMIknfmagJugibXrCsQ,Vietnamese
mzREMIknfmagJugibXrCsQ,Restaurants
b_xFN9mtFWHUbny-GoiErQ,Restaurants
b_xFN9mtFWHUbny-GoiErQ,Breakfast & Brunch
xaqW4NkmUCGRRjmLxiFJ6Q,Food
xaqW4NkmUCGRRjmLxiFJ6Q,Delis
xaqW4NkmUCGRRjmLxiFJ6Q,Comfort Food
xaqW4NkmUCGRRjmLxiFJ6Q,Restaurants
xaqW4NkmUCGRRjmLxiFJ6Q,Creperies
xaqW4NkmUCGRRjmLxiFJ6Q,Desserts
bYGn37k0KgleABKMWgjnMw,Restaurants
bYGn37k0KgleABKMWgjnMw,American (Traditional)
bYGn37k0KgleABKMWgjnMw,Gastropubs
bYGn37k0KgleABKMWgjnMw,Bars
bYGn37k0KgleABKMWgjnMw,Nightlife
bYGn37k0KgleABKMWgjnMw,Pubs
mmbXj7CmjGbH-wR3j6cD0w,Vegetarian
mmbXj7CmjGbH-wR3j6cD0w,Salad
mmbXj7CmjGbH-wR3j6cD0w,Soup
mmbXj7CmjGbH-wR3j6cD0w,Restaurants
mmbXj7CmjGbH-wR3j6cD0w,Buffets
I3STZd5iAvUL9MNLF_DUug,Restaurants
I3STZd5iAvUL9MNLF_DUug,Mexican
OFw59czUoeeosFMKfRawmg,Bars
OFw59czUoeeosFMKfRawmg,Breweries
OFw59czUoeeosFMKfRawmg,American (New)
OFw59czUoeeosFMKfRawmg,Restaurants
OFw59czUoeeosFMKfRawmg,Food
OFw59czUoeeosFMKfRawmg,Nightlife
zkw-peCF6FDKuopAp8LBzw,Automotive
zkw-peCF6FDKuopAp8LBzw,Car Dealers
_sh6mIBWZis66mAjkjN8Qg,American (Traditional)
_sh6mIBWZis66mAjkjN8Qg,Breakfast & Brunch
_sh6mIBWZis66mAjkjN8Qg,Juice Bars & Smoothies
_sh6mIBWZis66mAjkjN8Qg,Sandwiches
_sh6mIBWZis66mAjkjN8Qg,Food
_sh6mIBWZis66mAjkjN8Qg,American (New)
_sh6mIBWZis66mAjkjN8Qg,Restaurants
WlBvw6R1Qe2yIaZp-2ilZA,Restaurants
WlBvw6R1Qe2yIaZp-2ilZA,Tapas Bars
WlBvw6R1Qe2yIaZp-2ilZA,American (New)
WlBvw6R1Qe2yIaZp-2ilZA,Mexican
WlBvw6R1Qe2yIaZp-2ilZA,Shopping
WlBvw6R1Qe2yIaZp-2ilZA,Books
WlBvw6R1Qe2yIaZp-2ilZA,Mags
WlBvw6R1Qe2yIaZp-2ilZA,Music & Video
WlBvw6R1Qe2yIaZp-2ilZA,Videos & Video Game Rental
DkZnIPTPce-R2uoF-euYyQ,Restaurants
DkZnIPTPce-R2uoF-euYyQ,Barbeque
DkZnIPTPce-R2uoF-euYyQ,Filipino
DkZnIPTPce-R2uoF-euYyQ,American (New)
HaNUXh5nYR0r7FrbFJSHXw,Grocery
HaNUXh5nYR0r7FrbFJSHXw,Food
HaNUXh5nYR0r7FrbFJSHXw,Specialty Food
HaNUXh5nYR0r7FrbFJSHXw,Health Markets
HaNUXh5nYR0r7FrbFJSHXw,Organic Stores
--cZ6Hhc9F7VkKXxHMVZSQ,Peruvian
--cZ6Hhc9F7VkKXxHMVZSQ,Spanish
--cZ6Hhc9F7VkKXxHMVZSQ,Latin American
--cZ6Hhc9F7VkKXxHMVZSQ,Restaurants
OPxWcHK96_cbmiF7legDnA,Seafood
OPxWcHK96_cbmiF7legDnA,Restaurants
OPxWcHK96_cbmiF7legDnA,American (Traditional)
OPxWcHK96_cbmiF7legDnA,Steakhouses
jq9gzjKbVWgeMYzA0aFzxw,Food
jq9gzjKbVWgeMYzA0aFzxw,Coffee & Tea
8BG2u8inkqzCb2tm6YlqDw,American (New)
8BG2u8inkqzCb2tm6YlqDw,Restaurants
8BG2u8inkqzCb2tm6YlqDw,Sushi Bars
K75oPh837az2upKWPS2LUQ,Russian
K75oPh837az2upKWPS2LUQ,Food
K75oPh837az2upKWPS2LUQ,Restaurants
wHq1efQVz17338k_aUOX3w,Breakfast & Brunch
wHq1efQVz17338k_aUOX3w,Coffee & Tea
wHq1efQVz17338k_aUOX3w,Food
wHq1efQVz17338k_aUOX3w,Pizza
wHq1efQVz17338k_aUOX3w,American (New)
wHq1efQVz17338k_aUOX3w,Delis
wHq1efQVz17338k_aUOX3w,Sandwiches
wHq1efQVz17338k_aUOX3w,Cafes
wHq1efQVz17338k_aUOX3w,Restaurants
WKOUTdVJS58E178JjhwidQ,Food
WKOUTdVJS58E178JjhwidQ,Desserts
WKOUTdVJS58E178JjhwidQ,Coffee & Tea
WKOUTdVJS58E178JjhwidQ,Creperies
WKOUTdVJS58E178JjhwidQ,Restaurants
WKOUTdVJS58E178JjhwidQ,Breakfast & Brunch
po0p6NIro0cDrmKkcyPy0w,Restaurants
po0p6NIro0cDrmKkcyPy0w,Japanese
po0p6NIro0cDrmKkcyPy0w,Food
po0p6NIro0cDrmKkcyPy0w,Poke
po0p6NIro0cDrmKkcyPy0w,Sushi Bars
po0p6NIro0cDrmKkcyPy0w,Hawaiian
vrKcFQPxj1Zzyj93yl-t6g,Active Life
vrKcFQPxj1Zzyj93yl-t6g,Bars
vrKcFQPxj1Zzyj93yl-t6g,Restaurants
vrKcFQPxj1Zzyj93yl-t6g,American (New)
vrKcFQPxj1Zzyj93yl-t6g,Golf
vrKcFQPxj1Zzyj93yl-t6g,Nightlife
a2JgQgEGm5hMDEhryhMMJg,Arts & Entertainment
a2JgQgEGm5hMDEhryhMMJg,Performing Arts
SqxIx0KbTmCvUlOfkjamew,Restaurants
SqxIx0KbTmCvUlOfkjamew,Vegan
SqxIx0KbTmCvUlOfkjamew,Thai
uthbVCNZqmExJTzhII9iNQ,Restaurants
uthbVCNZqmExJTzhII9iNQ,Middle Eastern
95CCHowiE0W_ovv5-9lQAQ,Restaurants
95CCHowiE0W_ovv5-9lQAQ,Pizza
95CCHowiE0W_ovv5-9lQAQ,Mexican
95CCHowiE0W_ovv5-9lQAQ,Burgers
dVhGY-mNwTWQzK01Zxuclw,Szechuan
dVhGY-mNwTWQzK01Zxuclw,Chinese
dVhGY-mNwTWQzK01Zxuclw,Restaurants
dVhGY-mNwTWQzK01Zxuclw,Noodles
gHutuGMMMH-5Qv9DbemLFw,Breakfast & Brunch
gHutuGMMMH-5Qv9DbemLFw,Sandwiches
gHutuGMMMH-5Qv9DbemLFw,Delis
gHutuGMMMH-5Qv9DbemLFw,Restaurants
27_N5P9HZ86IviONPT_twg,Restaurants
27_N5P9HZ86IviONPT_twg,American (New)
27_N5P9HZ86IviONPT_twg,Canadian (New)
27_N5P9HZ86IviONPT_twg,Vegetarian
27_N5P9HZ86IviONPT_twg,Comfort Food
fzRxHv7XnnDqTmX25tVbJg,American (New)
fzRxHv7XnnDqTmX25tVbJg,Chicken Wings
fzRxHv7XnnDqTmX25tVbJg,Nightlife
fzRxHv7XnnDqTmX25tVbJg,Sports Bars
fzRxHv7XnnDqTmX25tVbJg,American (Traditional)
fzRxHv7XnnDqTmX25tVbJg,Bars
fzRxHv7XnnDqTmX25tVbJg,Restaurants
umxki_So2--o08q9bkXK6Q,Restaurants
umxki_So2--o08q9bkXK6Q,Food
umxki_So2--o08q9bkXK6Q,Pizza
umxki_So2--o08q9bkXK6Q,Italian
umxki_So2--o08q9bkXK6Q,Gluten-Free
_MVSmAYSl4RkgXBg5e8JaQ,Breakfast & Brunch
_MVSmAYSl4RkgXBg5e8JaQ,Restaurants
_MVSmAYSl4RkgXBg5e8JaQ,Food
_MVSmAYSl4RkgXBg5e8JaQ,Waffles
_MVSmAYSl4RkgXBg5e8JaQ,Coffee & Tea
NX1281ugzs2navHAX5X9cQ,Food
NX1281ugzs2navHAX5X9cQ,Bubble Tea
NX1281ugzs2navHAX5X9cQ,Coffee & Tea
n8RVrpWpcd3HprzEnJ3RxA,Restaurants
n8RVrpWpcd3HprzEnJ3RxA,Burgers
n8RVrpWpcd3HprzEnJ3RxA,American (Traditional)
n8RVrpWpcd3HprzEnJ3RxA,Comfort Food
n8RVrpWpcd3HprzEnJ3RxA,Breakfast & Brunch
JEoi9ITPZM58EnZBAubijA,American (Traditional)
JEoi9ITPZM58EnZBAubijA,Bars
JEoi9ITPZM58EnZBAubijA,Nightlife
JEoi9ITPZM58EnZBAubijA,Food
JEoi9ITPZM58EnZBAubijA,Breweries
JEoi9ITPZM58EnZBAubijA,Restaurants
TA57efJ1C0acoCx5mtLnJg,Nightlife
TA57efJ1C0acoCx5mtLnJg,American (New)
TA57efJ1C0acoCx5mtLnJg,Restaurants
TA57efJ1C0acoCx5mtLnJg,Bars
TA57efJ1C0acoCx5mtLnJg,Steakhouses
FGy4UJ1Qri_KruPZiPmWYQ,Event Planning & Services
FGy4UJ1Qri_KruPZiPmWYQ,Restaurants
FGy4UJ1Qri_KruPZiPmWYQ,Caterers
FGy4UJ1Qri_KruPZiPmWYQ,Peruvian
KMxOoHyRKP74PgosuRkkdg,Food
KMxOoHyRKP74PgosuRkkdg,Ethnic Food
KMxOoHyRKP74PgosuRkkdg,Restaurants
KMxOoHyRKP74PgosuRkkdg,Mexican
KMxOoHyRKP74PgosuRkkdg,Specialty Food
bfVpHvjir2G2Z9wVeddw4w,Restaurants
bfVpHvjir2G2Z9wVeddw4w,Breweries
bfVpHvjir2G2Z9wVeddw4w,German
bfVpHvjir2G2Z9wVeddw4w,Venues & Event Spaces
bfVpHvjir2G2Z9wVeddw4w,Food
bfVpHvjir2G2Z9wVeddw4w,Event Planning & Services
OtSbxxD-WNzlNQlDGpXFSA,Restaurants
OtSbxxD-WNzlNQlDGpXFSA,Home Decor
OtSbxxD-WNzlNQlDGpXFSA,Baby Gear & Furniture
OtSbxxD-WNzlNQlDGpXFSA,Furniture Stores
OtSbxxD-WNzlNQlDGpXFSA,Scandinavian
OtSbxxD-WNzlNQlDGpXFSA,Home & Garden
OtSbxxD-WNzlNQlDGpXFSA,Shopping
-9eNGMp8XiygI8t8QFuFWw,Fondue
-9eNGMp8XiygI8t8QFuFWw,American (New)
-9eNGMp8XiygI8t8QFuFWw,Cafes
-9eNGMp8XiygI8t8QFuFWw,Restaurants
-9eNGMp8XiygI8t8QFuFWw,American (Traditional)
bgNmUYcraelf27TviWEMGA,Restaurants
bgNmUYcraelf27TviWEMGA,Breakfast & Brunch
bgNmUYcraelf27TviWEMGA,Diners
L2c-qKZWumCmOCR-dqBLrg,Nightlife
L2c-qKZWumCmOCR-dqBLrg,Lounges
L2c-qKZWumCmOCR-dqBLrg,Pubs
L2c-qKZWumCmOCR-dqBLrg,Bars
L2c-qKZWumCmOCR-dqBLrg,Restaurants
L2c-qKZWumCmOCR-dqBLrg,American (Traditional)
L2c-qKZWumCmOCR-dqBLrg,Burgers
u9R0_pvEkl7QGPJYH3j1sg,Pizza
u9R0_pvEkl7QGPJYH3j1sg,Italian
u9R0_pvEkl7QGPJYH3j1sg,Restaurants
u9R0_pvEkl7QGPJYH3j1sg,Seafood
Bm8nRUsZ-dK6g2eJLxMTOw,Sushi Bars
Bm8nRUsZ-dK6g2eJLxMTOw,Japanese
Bm8nRUsZ-dK6g2eJLxMTOw,Restaurants
2vL6xxAxRhJS7LabjjDyhw,Lounges
2vL6xxAxRhJS7LabjjDyhw,Nightlife
2vL6xxAxRhJS7LabjjDyhw,Speakeasies
2vL6xxAxRhJS7LabjjDyhw,Cocktail Bars
2vL6xxAxRhJS7LabjjDyhw,Bars
poSV39UqEg-gpESXafS9-g,Restaurants
poSV39UqEg-gpESXafS9-g,American (New)
poSV39UqEg-gpESXafS9-g,Seafood
poSV39UqEg-gpESXafS9-g,Barbeque
poSV39UqEg-gpESXafS9-g,Cajun/Creole
SEH79jbg5Q8cCozCnhqMHA,Restaurants
SEH79jbg5Q8cCozCnhqMHA,Italian
Jw3iaQalS9-1aeXkKh_plA,Sushi Bars
Jw3iaQalS9-1aeXkKh_plA,Restaurants
qxVcSWGKyH3HkkHV8NinDA,Mexican
qxVcSWGKyH3HkkHV8NinDA,Cocktail Bars
qxVcSWGKyH3HkkHV8NinDA,Nightlife
qxVcSWGKyH3HkkHV8NinDA,Restaurants
qxVcSWGKyH3HkkHV8NinDA,Bars
uCi2ropZuhG4XVcMDaurAw,Gluten-Free
uCi2ropZuhG4XVcMDaurAw,Food
uCi2ropZuhG4XVcMDaurAw,Restaurants
uCi2ropZuhG4XVcMDaurAw,Juice Bars & Smoothies
uCi2ropZuhG4XVcMDaurAw,Breakfast & Brunch
uCi2ropZuhG4XVcMDaurAw,Sandwiches
uCi2ropZuhG4XVcMDaurAw,American (New)
VfFHPsPtTW4Mgx0eHDyJiQ,Breakfast & Brunch
VfFHPsPtTW4Mgx0eHDyJiQ,Bars
VfFHPsPtTW4Mgx0eHDyJiQ,Diners
VfFHPsPtTW4Mgx0eHDyJiQ,Restaurants
VfFHPsPtTW4Mgx0eHDyJiQ,Nightlife
VfFHPsPtTW4Mgx0eHDyJiQ,Italian
NpFtNc51LaZr8Y5_o2wRaw,American (Traditional)
NpFtNc51LaZr8Y5_o2wRaw,Barbeque
NpFtNc51LaZr8Y5_o2wRaw,Steakhouses
NpFtNc51LaZr8Y5_o2wRaw,Restaurants
xwmwTpzw9XSwK-UT5Ka3HQ,Food
xwmwTpzw9XSwK-UT5Ka3HQ,Breweries
QYuojrlW94mpEwnp0uUIWA,Chicken Wings
QYuojrlW94mpEwnp0uUIWA,Restaurants
QYuojrlW94mpEwnp0uUIWA,Cheesesteaks
QYuojrlW94mpEwnp0uUIWA,Latin American
QYuojrlW94mpEwnp0uUIWA,Salvadoran
QYuojrlW94mpEwnp0uUIWA,Burgers
QYuojrlW94mpEwnp0uUIWA,Mexican
JrXxQKt-TuHG1-ZjZifa1A,Hotels & Travel
JrXxQKt-TuHG1-ZjZifa1A,Car Rental
woP-omtF0PobX4JxXpZa7Q,Restaurants
woP-omtF0PobX4JxXpZa7Q,Breakfast & Brunch
1TTQ41NqKks69GltQSQNIA,Arts & Entertainment
1TTQ41NqKks69GltQSQNIA,Hotels & Travel
1TTQ41NqKks69GltQSQNIA,Casinos
1TTQ41NqKks69GltQSQNIA,Hotels
1TTQ41NqKks69GltQSQNIA,Event Planning & Services
gwd1W_0Mgzqo3QxgXrt16Q,Mexican
gwd1W_0Mgzqo3QxgXrt16Q,Tex-Mex
gwd1W_0Mgzqo3QxgXrt16Q,Nightlife
gwd1W_0Mgzqo3QxgXrt16Q,Bars
gwd1W_0Mgzqo3QxgXrt16Q,Restaurants
gwd1W_0Mgzqo3QxgXrt16Q,Cocktail Bars
lsHmnOZNlsKnEDsNmT-5_Q,Heating & Air Conditioning/HVAC
lsHmnOZNlsKnEDsNmT-5_Q,Contractors
lsHmnOZNlsKnEDsNmT-5_Q,Home Services
lsHmnOZNlsKnEDsNmT-5_Q,Appliances
lsHmnOZNlsKnEDsNmT-5_Q,Appliances & Repair
lsHmnOZNlsKnEDsNmT-5_Q,Water Purification Services
lsHmnOZNlsKnEDsNmT-5_Q,Home & Garden
lsHmnOZNlsKnEDsNmT-5_Q,Shopping
lsHmnOZNlsKnEDsNmT-5_Q,Local Services
lsHmnOZNlsKnEDsNmT-5_Q,Plumbing
ry-rcjWrzY5nygBW_zswjg,Creperies
ry-rcjWrzY5nygBW_zswjg,Desserts
ry-rcjWrzY5nygBW_zswjg,Food
ry-rcjWrzY5nygBW_zswjg,Restaurants
ry-rcjWrzY5nygBW_zswjg,Specialty Food
ry-rcjWrzY5nygBW_zswjg,Chocolatiers & Shops
ry-rcjWrzY5nygBW_zswjg,Coffee & Tea
ZCe93zAkxr2KOBU1NT0lmg,Mexican
ZCe93zAkxr2KOBU1NT0lmg,Nightlife
ZCe93zAkxr2KOBU1NT0lmg,Restaurants
bRZSm_1UQdmU6QWZfO9h6w,Vegan
bRZSm_1UQdmU6QWZfO9h6w,Food
bRZSm_1UQdmU6QWZfO9h6w,Vegetarian
bRZSm_1UQdmU6QWZfO9h6w,Juice Bars & Smoothies
bRZSm_1UQdmU6QWZfO9h6w,Restaurants
tVyLQzyhhinKcGzlZIFZjQ,Pizza
tVyLQzyhhinKcGzlZIFZjQ,Italian
tVyLQzyhhinKcGzlZIFZjQ,Restaurants
0jAexNHRHhkQv4zNYqenBA,Restaurants
0jAexNHRHhkQv4zNYqenBA,Mexican
0jAexNHRHhkQv4zNYqenBA,Bars
0jAexNHRHhkQv4zNYqenBA,Nightlife
0jAexNHRHhkQv4zNYqenBA,Sports Bars
0jAexNHRHhkQv4zNYqenBA,Dance Clubs
ijY4C4ut4M9xg3QvK2R2pg,Dim Sum
ijY4C4ut4M9xg3QvK2R2pg,Chinese
ijY4C4ut4M9xg3QvK2R2pg,Cantonese
ijY4C4ut4M9xg3QvK2R2pg,Restaurants
ijg7qQCYnhUWBd5JUxbfvA,Diners
ijg7qQCYnhUWBd5JUxbfvA,Restaurants
KS_d3F_eIA6iTo6Wtj2O_w,Fast Food
KS_d3F_eIA6iTo6Wtj2O_w,Restaurants
KS_d3F_eIA6iTo6Wtj2O_w,Poutineries
OKYp_AwhXfqL_0Pgw1WB9Q,Restaurants
OKYp_AwhXfqL_0Pgw1WB9Q,Breakfast & Brunch
qpub9UXk8oBJr95oq-MbIg,Sushi Bars
qpub9UXk8oBJr95oq-MbIg,Restaurants
qpub9UXk8oBJr95oq-MbIg,Japanese
7OQ7lhIsjLSmf-3012LAuw,Restaurants
7OQ7lhIsjLSmf-3012LAuw,Breakfast & Brunch
7OQ7lhIsjLSmf-3012LAuw,Juice Bars & Smoothies
7OQ7lhIsjLSmf-3012LAuw,Salad
7OQ7lhIsjLSmf-3012LAuw,Food
7OQ7lhIsjLSmf-3012LAuw,American (New)
eavP59x5DOpGwVFhxbG4Cg,Vietnamese
eavP59x5DOpGwVFhxbG4Cg,Restaurants
gOOc6MDdhw7fV0Tf30mfAQ,Breakfast & Brunch
gOOc6MDdhw7fV0Tf30mfAQ,Soul Food
gOOc6MDdhw7fV0Tf30mfAQ,Southern
gOOc6MDdhw7fV0Tf30mfAQ,Restaurants
FhIeCF6QrsLaRvAeu0oEPQ,Restaurants
FhIeCF6QrsLaRvAeu0oEPQ,Steakhouses
FhIeCF6QrsLaRvAeu0oEPQ,Nightlife
FhIeCF6QrsLaRvAeu0oEPQ,Bars
FhIeCF6QrsLaRvAeu0oEPQ,Cocktail Bars
FhIeCF6QrsLaRvAeu0oEPQ,American (Traditional)
FhIeCF6QrsLaRvAeu0oEPQ,Seafood
jTZYireK6pnPb6Rni0jygw,Restaurants
jTZYireK6pnPb6Rni0jygw,Sushi Bars
Iam7tYWhssw_rscSBkeRIQ,Pizza
Iam7tYWhssw_rscSBkeRIQ,Restaurants
Iam7tYWhssw_rscSBkeRIQ,Italian
nwHd2MbIGz0SNG8GpFjekw,Mexican
nwHd2MbIGz0SNG8GpFjekw,Restaurants
JwWeolTHTWRDdbT0Zb6WLw,Towing
JwWeolTHTWRDdbT0Zb6WLw,Automotive
JwWeolTHTWRDdbT0Zb6WLw,Auto Repair
JwWeolTHTWRDdbT0Zb6WLw,Car Dealers
JwWeolTHTWRDdbT0Zb6WLw,Auto Parts & Supplies
3glVZZh_vyZH1VvPU0307A,Restaurants
3glVZZh_vyZH1VvPU0307A,Italian
G_LtZnL66Iwama_7_FCLUQ,Tapas/Small Plates
G_LtZnL66Iwama_7_FCLUQ,Restaurants
G_LtZnL66Iwama_7_FCLUQ,Sushi Bars
G_LtZnL66Iwama_7_FCLUQ,Asian Fusion
G_LtZnL66Iwama_7_FCLUQ,Japanese
pBFewLcdLnf1XwPTE4jtyQ,Food
pBFewLcdLnf1XwPTE4jtyQ,American (New)
pBFewLcdLnf1XwPTE4jtyQ,Restaurants
pBFewLcdLnf1XwPTE4jtyQ,Breweries
pBFewLcdLnf1XwPTE4jtyQ,Pizza
ymtJtXwsJUClLNDepV1piQ,Restaurants
ymtJtXwsJUClLNDepV1piQ,Steakhouses
ymtJtXwsJUClLNDepV1piQ,American (Traditional)
ymtJtXwsJUClLNDepV1piQ,Wine Bars
ymtJtXwsJUClLNDepV1piQ,Seafood
ymtJtXwsJUClLNDepV1piQ,Nightlife
ymtJtXwsJUClLNDepV1piQ,Bars
oX7lSVsg4j7-SrSZVGWVnA,Restaurants
oX7lSVsg4j7-SrSZVGWVnA,Italian
m1LOUjVzAAoCS61BTL5i5g,Korean
m1LOUjVzAAoCS61BTL5i5g,Restaurants
r3Xx9Qk3xAMzYGIGFBcKpQ,Car Rental
r3Xx9Qk3xAMzYGIGFBcKpQ,Hotels & Travel
r3Xx9Qk3xAMzYGIGFBcKpQ,Automotive
r3Xx9Qk3xAMzYGIGFBcKpQ,Car Dealers
xiNJk32NYbXdL-T3PzE3lQ,Hair Salons
xiNJk32NYbXdL-T3PzE3lQ,Hair Removal
xiNJk32NYbXdL-T3PzE3lQ,Beauty & Spas
xiNJk32NYbXdL-T3PzE3lQ,Eyelash Service
xiNJk32NYbXdL-T3PzE3lQ,Skin Care
q4v-I9j1v7WqtxR12uEMxQ,Restaurants
q4v-I9j1v7WqtxR12uEMxQ,Sandwiches
q4v-I9j1v7WqtxR12uEMxQ,Soup
q4v-I9j1v7WqtxR12uEMxQ,Delis
8E2Uc0Mn4cn_yEY0xFv-9A,Car Dealers
8E2Uc0Mn4cn_yEY0xFv-9A,Automotive
8E2Uc0Mn4cn_yEY0xFv-9A,Auto Repair
h2hJyBYCIXU2_om6LYHWHA,Burgers
h2hJyBYCIXU2_om6LYHWHA,American (Traditional)
h2hJyBYCIXU2_om6LYHWHA,Restaurants
h2hJyBYCIXU2_om6LYHWHA,Chicken Wings
h2hJyBYCIXU2_om6LYHWHA,Nightlife
h2hJyBYCIXU2_om6LYHWHA,Bars
FmraE2CWt65VRnEqCAqNEg,Restaurants
FmraE2CWt65VRnEqCAqNEg,Nightlife
FmraE2CWt65VRnEqCAqNEg,Italian
FmraE2CWt65VRnEqCAqNEg,Bars
FmraE2CWt65VRnEqCAqNEg,American (New)
FmraE2CWt65VRnEqCAqNEg,Pubs
80Lkm305ZOkQdMEIvOy_lw,Bars
80Lkm305ZOkQdMEIvOy_lw,Restaurants
80Lkm305ZOkQdMEIvOy_lw,American (Traditional)
80Lkm305ZOkQdMEIvOy_lw,Sports Bars
80Lkm305ZOkQdMEIvOy_lw,Nightlife
hgWMxKhrnOUd3m5nOUBIkA,Active Life
hgWMxKhrnOUd3m5nOUBIkA,Fitness & Instruction
hgWMxKhrnOUd3m5nOUBIkA,Gyms
hgWMxKhrnOUd3m5nOUBIkA,Trainers
0PFf3RKtDQyHnrdcPo8zMQ,Food
0PFf3RKtDQyHnrdcPo8zMQ,Do-It-Yourself Food
0PFf3RKtDQyHnrdcPo8zMQ,Restaurants
0PFf3RKtDQyHnrdcPo8zMQ,Asian Fusion
Net_BZG7t8JRLjXxNtvyNg,Coffee & Tea
Net_BZG7t8JRLjXxNtvyNg,Food
ycFthc3nxzU_dWfRFev41Q,Museums
ycFthc3nxzU_dWfRFev41Q,Arts & Entertainment
4K5NUsinIgtq-yuxdp2HdA,Restaurants
4K5NUsinIgtq-yuxdp2HdA,Mexican
4K5NUsinIgtq-yuxdp2HdA,Tex-Mex
-AD5PiuJHgdUcAK-Vxao2A,Burgers
-AD5PiuJHgdUcAK-Vxao2A,Restaurants
Ka00H3EHLLiPNpMj1V4Hcw,Fashion
Ka00H3EHLLiPNpMj1V4Hcw,Shopping
Ka00H3EHLLiPNpMj1V4Hcw,Outlet Stores
Ka00H3EHLLiPNpMj1V4Hcw,Shopping Centers
Ka00H3EHLLiPNpMj1V4Hcw,Nightlife
Ka00H3EHLLiPNpMj1V4Hcw,Dance Clubs
Ka00H3EHLLiPNpMj1V4Hcw,Guest Houses
Ka00H3EHLLiPNpMj1V4Hcw,Hotels & Travel
Nc7-nyG_RzXrEqBuxihcgQ,Food
Nc7-nyG_RzXrEqBuxihcgQ,Pizza
Nc7-nyG_RzXrEqBuxihcgQ,American (New)
Nc7-nyG_RzXrEqBuxihcgQ,Restaurants
Nc7-nyG_RzXrEqBuxihcgQ,Breweries
36GvUjLg3drdOB3jgpqTOQ,Mexican
36GvUjLg3drdOB3jgpqTOQ,Restaurants
_2trMwFsh5-IqqEcQ-OLVA,Barbeque
_2trMwFsh5-IqqEcQ-OLVA,Chicken Wings
_2trMwFsh5-IqqEcQ-OLVA,Restaurants
_2trMwFsh5-IqqEcQ-OLVA,American (Traditional)
ld-foUbIqtcYTihGZkGsTw,Car Dealers
ld-foUbIqtcYTihGZkGsTw,Used Car Dealers
ld-foUbIqtcYTihGZkGsTw,Auto Repair
ld-foUbIqtcYTihGZkGsTw,Car Rental
ld-foUbIqtcYTihGZkGsTw,Automotive
ld-foUbIqtcYTihGZkGsTw,Hotels & Travel
qxNKPJfuklMxwPbkHLHeWQ,Restaurants
qxNKPJfuklMxwPbkHLHeWQ,American (New)
qxNKPJfuklMxwPbkHLHeWQ,American (Traditional)
qxNKPJfuklMxwPbkHLHeWQ,Steakhouses
qxNKPJfuklMxwPbkHLHeWQ,Seafood
RvwZqjdkZ_pER0moPXLZAQ,Cafes
RvwZqjdkZ_pER0moPXLZAQ,Food
RvwZqjdkZ_pER0moPXLZAQ,Restaurants
RvwZqjdkZ_pER0moPXLZAQ,Bubble Tea
RvwZqjdkZ_pER0moPXLZAQ,Coffee & Tea
RvwZqjdkZ_pER0moPXLZAQ,Chinese
RvwZqjdkZ_pER0moPXLZAQ,Taiwanese
QeDkfLmXVguytF3Of9zg-Q,Breakfast & Brunch
QeDkfLmXVguytF3Of9zg-Q,Cajun/Creole
QeDkfLmXVguytF3Of9zg-Q,Restaurants
F1PMcEIg-FHZvwhiUoFEgw,Pizza
F1PMcEIg-FHZvwhiUoFEgw,Restaurants
HM0sWlwg3ONJ6syMSh_9zw,Steakhouses
HM0sWlwg3ONJ6syMSh_9zw,Restaurants
HM0sWlwg3ONJ6syMSh_9zw,Seafood
wNXw53wmePcf_V3rF18LUg,Italian
wNXw53wmePcf_V3rF18LUg,Restaurants
wNXw53wmePcf_V3rF18LUg,Wine Bars
wNXw53wmePcf_V3rF18LUg,Nightlife
wNXw53wmePcf_V3rF18LUg,Bars
-JwSuDqyFILFJmVpjrVbwA,Bars
-JwSuDqyFILFJmVpjrVbwA,American (New)
-JwSuDqyFILFJmVpjrVbwA,Sandwiches
-JwSuDqyFILFJmVpjrVbwA,Sports Bars
-JwSuDqyFILFJmVpjrVbwA,Burgers
-JwSuDqyFILFJmVpjrVbwA,Restaurants
-JwSuDqyFILFJmVpjrVbwA,Nightlife
0CB7YB1qRSWLQvMbHw3Fmw,Restaurants
0CB7YB1qRSWLQvMbHw3Fmw,Bubble Tea
0CB7YB1qRSWLQvMbHw3Fmw,Coffee & Tea
0CB7YB1qRSWLQvMbHw3Fmw,Taiwanese
0CB7YB1qRSWLQvMbHw3Fmw,Food
0CB7YB1qRSWLQvMbHw3Fmw,Juice Bars & Smoothies
0CB7YB1qRSWLQvMbHw3Fmw,Desserts
5EIJCSrXLHvM2HEoKCejpw,Shopping Centers
5EIJCSrXLHvM2HEoKCejpw,Shopping
5EIJCSrXLHvM2HEoKCejpw,Fashion
5EIJCSrXLHvM2HEoKCejpw,Department Stores
caGXS6ubNTlv91ZZyoirjQ,American (New)
caGXS6ubNTlv91ZZyoirjQ,American (Traditional)
caGXS6ubNTlv91ZZyoirjQ,Restaurants
caGXS6ubNTlv91ZZyoirjQ,Bars
caGXS6ubNTlv91ZZyoirjQ,Nightlife
caGXS6ubNTlv91ZZyoirjQ,Sports Bars
caGXS6ubNTlv91ZZyoirjQ,Sandwiches
_JZ7hXqOZ_MngjPWFgER0w,Pizza
_JZ7hXqOZ_MngjPWFgER0w,American (Traditional)
_JZ7hXqOZ_MngjPWFgER0w,Burgers
_JZ7hXqOZ_MngjPWFgER0w,American (New)
_JZ7hXqOZ_MngjPWFgER0w,Restaurants
oDxvrLYe5SiQKdJlGhheoA,Restaurants
oDxvrLYe5SiQKdJlGhheoA,Seafood
oDxvrLYe5SiQKdJlGhheoA,Mexican
oDxvrLYe5SiQKdJlGhheoA,Latin American
oDxvrLYe5SiQKdJlGhheoA,Arts & Entertainment
oDxvrLYe5SiQKdJlGhheoA,Nightlife
oDxvrLYe5SiQKdJlGhheoA,Music Venues
PL_kv7YO7ZwbDAm9R_ronQ,Hotels & Travel
PL_kv7YO7ZwbDAm9R_ronQ,Wedding Planning
PL_kv7YO7ZwbDAm9R_ronQ,Tours
PL_kv7YO7ZwbDAm9R_ronQ,Event Planning & Services
PL_kv7YO7ZwbDAm9R_ronQ,Active Life
nn4ZkIZTCd7jJhxs-P9tHA,Restaurants
nn4ZkIZTCd7jJhxs-P9tHA,Diners
nn4ZkIZTCd7jJhxs-P9tHA,Burgers
nn4ZkIZTCd7jJhxs-P9tHA,Breakfast & Brunch
pldfvm-zM2VU5m9a-j9cMQ,Restaurants
pldfvm-zM2VU5m9a-j9cMQ,Breakfast & Brunch
pldfvm-zM2VU5m9a-j9cMQ,Creperies
pldfvm-zM2VU5m9a-j9cMQ,Cafes
pldfvm-zM2VU5m9a-j9cMQ,Food
pldfvm-zM2VU5m9a-j9cMQ,Desserts
ztP466jMUMtqLwwHqXbk9w,American (Traditional)
ztP466jMUMtqLwwHqXbk9w,American (New)
ztP466jMUMtqLwwHqXbk9w,Steakhouses
ztP466jMUMtqLwwHqXbk9w,Nightlife
ztP466jMUMtqLwwHqXbk9w,Seafood
ztP466jMUMtqLwwHqXbk9w,Restaurants
ztP466jMUMtqLwwHqXbk9w,Bars
ztP466jMUMtqLwwHqXbk9w,Wine Bars
-0qht1roIqleKiQkBLDkbw,Hotels
-0qht1roIqleKiQkBLDkbw,Event Planning & Services
-0qht1roIqleKiQkBLDkbw,Hotels & Travel
1WBkAuQg81kokZIPMpn9Zg,Restaurants
1WBkAuQg81kokZIPMpn9Zg,Burgers
kgw8nBO9ZMRhukfnJd6bxg,Restaurants
kgw8nBO9ZMRhukfnJd6bxg,Bars
kgw8nBO9ZMRhukfnJd6bxg,Seafood
kgw8nBO9ZMRhukfnJd6bxg,Nightlife
kgw8nBO9ZMRhukfnJd6bxg,Italian
kgw8nBO9ZMRhukfnJd6bxg,Sandwiches
kgw8nBO9ZMRhukfnJd6bxg,American (Traditional)
kgw8nBO9ZMRhukfnJd6bxg,Wine Bars
S8urdN6ACnRQUm-7o9An8w,American (New)
S8urdN6ACnRQUm-7o9An8w,Restaurants
hCfp6jF1yisOfwYO-88e_g,Waxing
hCfp6jF1yisOfwYO-88e_g,Beauty & Spas
hCfp6jF1yisOfwYO-88e_g,Skin Care
hCfp6jF1yisOfwYO-88e_g,Eyelash Service
hCfp6jF1yisOfwYO-88e_g,Hair Removal
hCfp6jF1yisOfwYO-88e_g,Nail Salons
8MWiywu09bhLWIpzVaD4gw,Breakfast & Brunch
8MWiywu09bhLWIpzVaD4gw,Restaurants
28adZ4lsuUeVB2aWzohK9g,Bars
28adZ4lsuUeVB2aWzohK9g,Nightlife
28adZ4lsuUeVB2aWzohK9g,Food
28adZ4lsuUeVB2aWzohK9g,Gastropubs
28adZ4lsuUeVB2aWzohK9g,Restaurants
28adZ4lsuUeVB2aWzohK9g,Pubs
28adZ4lsuUeVB2aWzohK9g,Sports Bars
28adZ4lsuUeVB2aWzohK9g,Beer
28adZ4lsuUeVB2aWzohK9g,Wine & Spirits
ZvtELJTUOh0yRrPxyyiakQ,Restaurants
ZvtELJTUOh0yRrPxyyiakQ,Pizza
ZvtELJTUOh0yRrPxyyiakQ,Italian
i53HvxUdQEMllZ1XmpjjyA,Italian
i53HvxUdQEMllZ1XmpjjyA,Pizza
i53HvxUdQEMllZ1XmpjjyA,Restaurants
i53HvxUdQEMllZ1XmpjjyA,Chicken Wings
Xfc-B8XUPkvvYoy5eVFO4w,American (New)
Xfc-B8XUPkvvYoy5eVFO4w,Seafood
Xfc-B8XUPkvvYoy5eVFO4w,Restaurants
Xfc-B8XUPkvvYoy5eVFO4w,Gastropubs
Xfc-B8XUPkvvYoy5eVFO4w,Nightlife
Xfc-B8XUPkvvYoy5eVFO4w,Bars
vKKSF1_1JNnRMaoNPQb5Lw,Pizza
vKKSF1_1JNnRMaoNPQb5Lw,Italian
vKKSF1_1JNnRMaoNPQb5Lw,Restaurants
wEc4JE2NYQr1RnGjGr4q7w,American (Traditional)
wEc4JE2NYQr1RnGjGr4q7w,American (New)
wEc4JE2NYQr1RnGjGr4q7w,Bars
wEc4JE2NYQr1RnGjGr4q7w,Chicken Wings
wEc4JE2NYQr1RnGjGr4q7w,Sports Bars
wEc4JE2NYQr1RnGjGr4q7w,Restaurants
wEc4JE2NYQr1RnGjGr4q7w,Pizza
wEc4JE2NYQr1RnGjGr4q7w,Nightlife
diY31IEunbV8MfDh81FS1A,Restaurants
diY31IEunbV8MfDh81FS1A,Burgers
Xe9Za61rO8QdbU1U0Mm1CA,Home Services
Xe9Za61rO8QdbU1U0Mm1CA,Heating & Air Conditioning/HVAC
NdUuGRxEH0waBQbL6R7mmg,Arts & Entertainment
NdUuGRxEH0waBQbL6R7mmg,Casinos
NdUuGRxEH0waBQbL6R7mmg,Hotels & Travel
NdUuGRxEH0waBQbL6R7mmg,Event Planning & Services
NdUuGRxEH0waBQbL6R7mmg,Hotels
g6B5hVt6oZRVO2wR4f0sNw,Wine Bars
g6B5hVt6oZRVO2wR4f0sNw,Bars
g6B5hVt6oZRVO2wR4f0sNw,Sandwiches
g6B5hVt6oZRVO2wR4f0sNw,Nightlife
g6B5hVt6oZRVO2wR4f0sNw,Breakfast & Brunch
g6B5hVt6oZRVO2wR4f0sNw,Delis
g6B5hVt6oZRVO2wR4f0sNw,Restaurants
caUPXiOxvLGMsorJBtNlhg,Tapas/Small Plates
caUPXiOxvLGMsorJBtNlhg,Salad
caUPXiOxvLGMsorJBtNlhg,Gluten-Free
caUPXiOxvLGMsorJBtNlhg,Tapas Bars
caUPXiOxvLGMsorJBtNlhg,Restaurants
caUPXiOxvLGMsorJBtNlhg,Breakfast & Brunch
caUPXiOxvLGMsorJBtNlhg,Pizza
o9IvrLWtTt5lCYqO-uiJLg,Restaurants
o9IvrLWtTt5lCYqO-uiJLg,American (Traditional)
o9IvrLWtTt5lCYqO-uiJLg,Steakhouses
o9IvrLWtTt5lCYqO-uiJLg,Nightlife
o9IvrLWtTt5lCYqO-uiJLg,Seafood
o9IvrLWtTt5lCYqO-uiJLg,Dance Clubs
8yiLVWzJyyTEhYE0fVNvlA,Italian
8yiLVWzJyyTEhYE0fVNvlA,Restaurants
JtNVcqioJhS8GZ-If30oHg,Car Rental
JtNVcqioJhS8GZ-If30oHg,Automotive
JtNVcqioJhS8GZ-If30oHg,Hotels & Travel
M--CB6Fhp4XKxsR2PlcP9w,Nightlife
M--CB6Fhp4XKxsR2PlcP9w,Bars
M--CB6Fhp4XKxsR2PlcP9w,American (New)
M--CB6Fhp4XKxsR2PlcP9w,Restaurants
UotZUkpcI0p2J8RUAD36Ng,Cocktail Bars
UotZUkpcI0p2J8RUAD36Ng,Seafood
UotZUkpcI0p2J8RUAD36Ng,Food
UotZUkpcI0p2J8RUAD36Ng,American (New)
UotZUkpcI0p2J8RUAD36Ng,Lounges
UotZUkpcI0p2J8RUAD36Ng,Gastropubs
UotZUkpcI0p2J8RUAD36Ng,Gluten-Free
UotZUkpcI0p2J8RUAD36Ng,Nightlife
UotZUkpcI0p2J8RUAD36Ng,Restaurants
UotZUkpcI0p2J8RUAD36Ng,Bars
UotZUkpcI0p2J8RUAD36Ng,Beer
UotZUkpcI0p2J8RUAD36Ng,Wine & Spirits
04kZ5CSh6oKhI5huU5bLdg,Restaurants
04kZ5CSh6oKhI5huU5bLdg,Food
04kZ5CSh6oKhI5huU5bLdg,Bars
04kZ5CSh6oKhI5huU5bLdg,Belgian
04kZ5CSh6oKhI5huU5bLdg,Nightlife
04kZ5CSh6oKhI5huU5bLdg,American (New)
04kZ5CSh6oKhI5huU5bLdg,Pubs
eTXYID00jGxq1vZpntBUFw,American (New)
eTXYID00jGxq1vZpntBUFw,Burgers
eTXYID00jGxq1vZpntBUFw,Restaurants
eTXYID00jGxq1vZpntBUFw,American (Traditional)
eTXYID00jGxq1vZpntBUFw,Steakhouses
ZKsVCA89iXMccf3fEhS3iw,Seafood
ZKsVCA89iXMccf3fEhS3iw,American (Traditional)
ZKsVCA89iXMccf3fEhS3iw,Cajun/Creole
ZKsVCA89iXMccf3fEhS3iw,Restaurants
JcTIqoWO83FfEI9PJJHMfw,Guns & Ammo
JcTIqoWO83FfEI9PJJHMfw,Shopping
JcTIqoWO83FfEI9PJJHMfw,Gun/Rifle Ranges
JcTIqoWO83FfEI9PJJHMfw,Sporting Goods
JcTIqoWO83FfEI9PJJHMfw,Active Life
M4vh_kzppP1nsxo7hsaVIA,Restaurants
M4vh_kzppP1nsxo7hsaVIA,Buffets
XNWXyFgCGaAwvg9QML2Ypw,Restaurants
XNWXyFgCGaAwvg9QML2Ypw,Tex-Mex
XNWXyFgCGaAwvg9QML2Ypw,Mexican
jG1jcAeDw0pZTHCNC5kw_w,Nightlife
jG1jcAeDw0pZTHCNC5kw_w,Pizza
jG1jcAeDw0pZTHCNC5kw_w,Italian
jG1jcAeDw0pZTHCNC5kw_w,Restaurants
jG1jcAeDw0pZTHCNC5kw_w,Bars
jG1jcAeDw0pZTHCNC5kw_w,Wine Bars
cF98fzqrMnikhXhuSz6ruQ,Nightlife
cF98fzqrMnikhXhuSz6ruQ,Restaurants
cF98fzqrMnikhXhuSz6ruQ,American (New)
cF98fzqrMnikhXhuSz6ruQ,Pubs
cF98fzqrMnikhXhuSz6ruQ,Bars
cF98fzqrMnikhXhuSz6ruQ,Gastropubs
cF98fzqrMnikhXhuSz6ruQ,Brasseries
6ZsiLiSWGK2pgw6t3LfzNQ,Japanese
6ZsiLiSWGK2pgw6t3LfzNQ,Restaurants
6ZsiLiSWGK2pgw6t3LfzNQ,Asian Fusion
6ZsiLiSWGK2pgw6t3LfzNQ,Chinese
RThuRlhMdowhtY8vITEIzQ,Restaurants
RThuRlhMdowhtY8vITEIzQ,Desserts
RThuRlhMdowhtY8vITEIzQ,Pizza
RThuRlhMdowhtY8vITEIzQ,Italian
RThuRlhMdowhtY8vITEIzQ,Ice Cream & Frozen Yogurt
RThuRlhMdowhtY8vITEIzQ,Food
tuIg103yDqCEcTk5J_h8ow,Nightlife
tuIg103yDqCEcTk5J_h8ow,Bars
tuIg103yDqCEcTk5J_h8ow,Lounges
tuIg103yDqCEcTk5J_h8ow,Cinema
tuIg103yDqCEcTk5J_h8ow,Arts & Entertainment
FKOF8_OMvoPoDHOplDd7tQ,Nightlife
FKOF8_OMvoPoDHOplDd7tQ,Burgers
FKOF8_OMvoPoDHOplDd7tQ,Bars
FKOF8_OMvoPoDHOplDd7tQ,Restaurants
kKY726bQREexYHHNLK1H7g,Breakfast & Brunch
kKY726bQREexYHHNLK1H7g,Restaurants
kKY726bQREexYHHNLK1H7g,Burgers
kKY726bQREexYHHNLK1H7g,Creperies
pDSl9xdKJCdN4vu8z26cEA,Adult Entertainment
pDSl9xdKJCdN4vu8z26cEA,Bars
pDSl9xdKJCdN4vu8z26cEA,Nightlife
R-sEoZXf37pGzLnid7s6wA,Mexican
R-sEoZXf37pGzLnid7s6wA,Restaurants
o13eH93qmWVNFZogkjhd9w,Food
o13eH93qmWVNFZogkjhd9w,Ice Cream & Frozen Yogurt
o13eH93qmWVNFZogkjhd9w,Cafes
o13eH93qmWVNFZogkjhd9w,Restaurants
o13eH93qmWVNFZogkjhd9w,American (Traditional)
o13eH93qmWVNFZogkjhd9w,Breakfast & Brunch
nlVjdQq9FzdQ3bfy-8y80g,Diners
nlVjdQq9FzdQ3bfy-8y80g,Restaurants
nlVjdQq9FzdQ3bfy-8y80g,American (Traditional)
nlVjdQq9FzdQ3bfy-8y80g,Breakfast & Brunch
Zt4ljpwfmBufatNM1zPNcQ,Restaurants
Zt4ljpwfmBufatNM1zPNcQ,Gluten-Free
Zt4ljpwfmBufatNM1zPNcQ,Italian
Zt4ljpwfmBufatNM1zPNcQ,Food
Zt4ljpwfmBufatNM1zPNcQ,Pizza
H3cMcV9KK3g2pi68lDNsng,Italian
H3cMcV9KK3g2pi68lDNsng,Tapas Bars
H3cMcV9KK3g2pi68lDNsng,Vegetarian
H3cMcV9KK3g2pi68lDNsng,American (New)
H3cMcV9KK3g2pi68lDNsng,Restaurants
H3cMcV9KK3g2pi68lDNsng,Lounges
H3cMcV9KK3g2pi68lDNsng,Mediterranean
H3cMcV9KK3g2pi68lDNsng,Vegan
H3cMcV9KK3g2pi68lDNsng,Bars
H3cMcV9KK3g2pi68lDNsng,Nightlife
GNi0IjmB5RYOFHxcb_f2qw,Bars
GNi0IjmB5RYOFHxcb_f2qw,Dive Bars
GNi0IjmB5RYOFHxcb_f2qw,Nightlife
E7VRsyNQWPteH6_qI4j7bw,Thai
E7VRsyNQWPteH6_qI4j7bw,Asian Fusion
E7VRsyNQWPteH6_qI4j7bw,Vegetarian
E7VRsyNQWPteH6_qI4j7bw,Restaurants
WMpXWa8iiEaDzb4vLTZjcw,American (Traditional)
WMpXWa8iiEaDzb4vLTZjcw,Event Planning & Services
WMpXWa8iiEaDzb4vLTZjcw,Bars
WMpXWa8iiEaDzb4vLTZjcw,Pubs
WMpXWa8iiEaDzb4vLTZjcw,Venues & Event Spaces
WMpXWa8iiEaDzb4vLTZjcw,Nightlife
WMpXWa8iiEaDzb4vLTZjcw,Beer Bar
WMpXWa8iiEaDzb4vLTZjcw,Restaurants
GkRF8rSvh9cOQuuPeDh9bg,Sushi Bars
GkRF8rSvh9cOQuuPeDh9bg,Restaurants
GkRF8rSvh9cOQuuPeDh9bg,Japanese
kne4oWWLq0FFHLA-gWuqoQ,Nightlife
kne4oWWLq0FFHLA-gWuqoQ,Bars
kne4oWWLq0FFHLA-gWuqoQ,Breakfast & Brunch
kne4oWWLq0FFHLA-gWuqoQ,American (New)
kne4oWWLq0FFHLA-gWuqoQ,Restaurants
kne4oWWLq0FFHLA-gWuqoQ,Event Planning & Services
kne4oWWLq0FFHLA-gWuqoQ,Caterers
bQ2uuNkOxgUQRM7Y7RJDXQ,Restaurants
bQ2uuNkOxgUQRM7Y7RJDXQ,Mexican
aRIZPbrHwnM04TTXLYrFMg,Nightlife
aRIZPbrHwnM04TTXLYrFMg,American (New)
aRIZPbrHwnM04TTXLYrFMg,Tapas/Small Plates
aRIZPbrHwnM04TTXLYrFMg,Bars
aRIZPbrHwnM04TTXLYrFMg,Restaurants
aRIZPbrHwnM04TTXLYrFMg,Wine Bars
qi6uzJEhA9puZM2io46-_A,Chinese
qi6uzJEhA9puZM2io46-_A,Asian Fusion
qi6uzJEhA9puZM2io46-_A,Gluten-Free
qi6uzJEhA9puZM2io46-_A,Restaurants
X88w0XrUSIKue9Vuwtqs_g,Seafood
X88w0XrUSIKue9Vuwtqs_g,Food
X88w0XrUSIKue9Vuwtqs_g,Sushi Bars
X88w0XrUSIKue9Vuwtqs_g,Seafood Markets
X88w0XrUSIKue9Vuwtqs_g,Restaurants
X88w0XrUSIKue9Vuwtqs_g,Specialty Food
T3ASfec34b8-uYr3xZj8Lw,Gluten-Free
T3ASfec34b8-uYr3xZj8Lw,Asian Fusion
T3ASfec34b8-uYr3xZj8Lw,Chinese
T3ASfec34b8-uYr3xZj8Lw,Restaurants
f6CTsNX30XmC8siHWYV2bA,Health & Medical
f6CTsNX30XmC8siHWYV2bA,Reflexology
f6CTsNX30XmC8siHWYV2bA,Massage Therapy
f6CTsNX30XmC8siHWYV2bA,Massage
f6CTsNX30XmC8siHWYV2bA,Cosmetics & Beauty Supply
f6CTsNX30XmC8siHWYV2bA,Beauty & Spas
f6CTsNX30XmC8siHWYV2bA,Shopping
f6CTsNX30XmC8siHWYV2bA,Skin Care
f6CTsNX30XmC8siHWYV2bA,Day Spas
ni4ppUp4oHq-OSSCgUIGiA,Japanese
ni4ppUp4oHq-OSSCgUIGiA,Sushi Bars
ni4ppUp4oHq-OSSCgUIGiA,Restaurants
RDQ_812x82H72J7C6jG36Q,Restaurants
RDQ_812x82H72J7C6jG36Q,Caribbean
RDQ_812x82H72J7C6jG36Q,Colombian
RDQ_812x82H72J7C6jG36Q,Venezuelan
RDQ_812x82H72J7C6jG36Q,Latin American
M9gwHW1oIiIqjdT76yOBDA,Restaurants
M9gwHW1oIiIqjdT76yOBDA,Steakhouses
3nf-a84p8LC41_WAIvJPjg,Pizza
3nf-a84p8LC41_WAIvJPjg,Restaurants
aw0H9O1yysoHB0JanT0Ubw,Restaurants
aw0H9O1yysoHB0JanT0Ubw,Mediterranean
aw0H9O1yysoHB0JanT0Ubw,Greek
E3BTs8yFlVbZd20TknY00A,Caterers
E3BTs8yFlVbZd20TknY00A,Barbeque
E3BTs8yFlVbZd20TknY00A,Event Planning & Services
E3BTs8yFlVbZd20TknY00A,Restaurants
tCjlXROlbcaGiBRfU2jaiw,Restaurants
tCjlXROlbcaGiBRfU2jaiw,Bars
tCjlXROlbcaGiBRfU2jaiw,Steakhouses
tCjlXROlbcaGiBRfU2jaiw,Seafood
tCjlXROlbcaGiBRfU2jaiw,Nightlife
wxzG81ZyWpBje_mU4aFLaw,Pizza
wxzG81ZyWpBje_mU4aFLaw,Restaurants
wxzG81ZyWpBje_mU4aFLaw,Italian
6GzwaQeb3brmyBucng_WPg,Lounges
6GzwaQeb3brmyBucng_WPg,Bars
6GzwaQeb3brmyBucng_WPg,Nightlife
5_MrPFw9E0cMJ1Q0DJFZOQ,Sports Bars
5_MrPFw9E0cMJ1Q0DJFZOQ,Nightlife
5_MrPFw9E0cMJ1Q0DJFZOQ,American (Traditional)
5_MrPFw9E0cMJ1Q0DJFZOQ,Restaurants
5_MrPFw9E0cMJ1Q0DJFZOQ,Pubs
5_MrPFw9E0cMJ1Q0DJFZOQ,Bars
xtktc6OTdtilAREgJH-P4g,Burgers
xtktc6OTdtilAREgJH-P4g,Restaurants
xtktc6OTdtilAREgJH-P4g,American (Traditional)
UN_6ebslv5cxdDmZAX3ivQ,Restaurants
UN_6ebslv5cxdDmZAX3ivQ,Hookah Bars
UN_6ebslv5cxdDmZAX3ivQ,Lounges
UN_6ebslv5cxdDmZAX3ivQ,Nightlife
UN_6ebslv5cxdDmZAX3ivQ,Tapas Bars
UN_6ebslv5cxdDmZAX3ivQ,Bars
pup46G8qFBG8695RtbQNwA,Mexican
pup46G8qFBG8695RtbQNwA,Seafood
pup46G8qFBG8695RtbQNwA,Mediterranean
pup46G8qFBG8695RtbQNwA,Breakfast & Brunch
pup46G8qFBG8695RtbQNwA,Restaurants
wNi62bHU6RerwHwVDqF3aA,Transportation
wNi62bHU6RerwHwVDqF3aA,Airport Shuttles
wNi62bHU6RerwHwVDqF3aA,Hotels & Travel
iwzVhM5CirzkNS5wTxwZeA,Restaurants
iwzVhM5CirzkNS5wTxwZeA,Italian
aKFA85Miwb96A0IAS3mRgQ,American (New)
aKFA85Miwb96A0IAS3mRgQ,Nightlife
aKFA85Miwb96A0IAS3mRgQ,Restaurants
aKFA85Miwb96A0IAS3mRgQ,Bars
9U4Tqt5SkZKQ6eeH6IPSxQ,Sushi Bars
9U4Tqt5SkZKQ6eeH6IPSxQ,Restaurants
9U4Tqt5SkZKQ6eeH6IPSxQ,Steakhouses
9U4Tqt5SkZKQ6eeH6IPSxQ,Japanese
wMOioy2KAoI2AnpbqwxdOg,Korean
wMOioy2KAoI2AnpbqwxdOg,Sushi Bars
wMOioy2KAoI2AnpbqwxdOg,Restaurants
wMOioy2KAoI2AnpbqwxdOg,Asian Fusion
wMOioy2KAoI2AnpbqwxdOg,Japanese
tA5mqEP68qjbTFK9c14D7A,Asian Fusion
tA5mqEP68qjbTFK9c14D7A,Coffee & Tea
tA5mqEP68qjbTFK9c14D7A,Restaurants
tA5mqEP68qjbTFK9c14D7A,Taiwanese
tA5mqEP68qjbTFK9c14D7A,Seafood
tA5mqEP68qjbTFK9c14D7A,Food
pL-QrHxQ0kHBDA1ZyOjGQw,Specialty Food
pL-QrHxQ0kHBDA1ZyOjGQw,Organic Stores
pL-QrHxQ0kHBDA1ZyOjGQw,Grocery
pL-QrHxQ0kHBDA1ZyOjGQw,Food
pL-QrHxQ0kHBDA1ZyOjGQw,Health Markets
Dcj69NZJnbJhK-YHP_nULA,Belgian
Dcj69NZJnbJhK-YHP_nULA,Brasseries
Dcj69NZJnbJhK-YHP_nULA,Restaurants
Dcj69NZJnbJhK-YHP_nULA,French
16-Ne-iDt5HpHWIP9fOmhw,Bakeries
16-Ne-iDt5HpHWIP9fOmhw,Food
wBJyTzjlDCjF9fM9o_izWQ,Day Spas
wBJyTzjlDCjF9fM9o_izWQ,Beauty & Spas
wBJyTzjlDCjF9fM9o_izWQ,Massage
u3nwislXMKKwkpHAXAArbQ,Restaurants
u3nwislXMKKwkpHAXAArbQ,Chinese
-OEIW0dO96-492qa_luxaw,Music Venues
-OEIW0dO96-492qa_luxaw,Beer Bar
-OEIW0dO96-492qa_luxaw,Arts & Entertainment
-OEIW0dO96-492qa_luxaw,American (New)
-OEIW0dO96-492qa_luxaw,Beer
-OEIW0dO96-492qa_luxaw,Wine & Spirits
-OEIW0dO96-492qa_luxaw,Food
-OEIW0dO96-492qa_luxaw,Restaurants
-OEIW0dO96-492qa_luxaw,Pubs
-OEIW0dO96-492qa_luxaw,American (Traditional)
-OEIW0dO96-492qa_luxaw,Nightlife
-OEIW0dO96-492qa_luxaw,Bars
-OEIW0dO96-492qa_luxaw,Casinos
nhIWy8eXayUvDzAz3Ef-Og,Arts & Entertainment
nhIWy8eXayUvDzAz3Ef-Og,Casinos
nhIWy8eXayUvDzAz3Ef-Og,Hotels
nhIWy8eXayUvDzAz3Ef-Og,Hotels & Travel
nhIWy8eXayUvDzAz3Ef-Og,Event Planning & Services
WvC9K0ZEOTbR7fh-LNe5_A,Food
WvC9K0ZEOTbR7fh-LNe5_A,Coffee & Tea
WvC9K0ZEOTbR7fh-LNe5_A,Restaurants
WvC9K0ZEOTbR7fh-LNe5_A,Breakfast & Brunch
lDpVyjENOz_qbxbRoyBi8w,Sandwiches
lDpVyjENOz_qbxbRoyBi8w,Restaurants
eJ-bDf7E1ph07vF7WbF8dA,American (New)
eJ-bDf7E1ph07vF7WbF8dA,Restaurants
eJ-bDf7E1ph07vF7WbF8dA,Soup
eJ-bDf7E1ph07vF7WbF8dA,Salad
c9SKd0bIR6nNzXOVCbOi_A,Home Decor
c9SKd0bIR6nNzXOVCbOi_A,Home & Garden
c9SKd0bIR6nNzXOVCbOi_A,Shopping
c9SKd0bIR6nNzXOVCbOi_A,Furniture Stores
ozMd45nXHTCl3mdOwouwlw,Mediterranean
ozMd45nXHTCl3mdOwouwlw,Restaurants
orrrhqRRUORIzUSxWTveKg,Cafes
orrrhqRRUORIzUSxWTveKg,Delis
orrrhqRRUORIzUSxWTveKg,Food
orrrhqRRUORIzUSxWTveKg,Bakeries
orrrhqRRUORIzUSxWTveKg,Restaurants
D-8yidw7FLKKQpciKJSd2g,Burgers
D-8yidw7FLKKQpciKJSd2g,Restaurants
I6qFvR-jVDGqDD_iVG38ng,Restaurants
I6qFvR-jVDGqDD_iVG38ng,Vietnamese
4KmrrhtfnngTVFa2d5LAjg,Restaurants
4KmrrhtfnngTVFa2d5LAjg,Italian
dp9haMgS5RZ6i1kQq_oS5A,Restaurants
dp9haMgS5RZ6i1kQq_oS5A,Diners
dp9haMgS5RZ6i1kQq_oS5A,Breakfast & Brunch
dp9haMgS5RZ6i1kQq_oS5A,American (Traditional)
VbEK6-etnKKaPamrG2jWjQ,Hot Dogs
VbEK6-etnKKaPamrG2jWjQ,American (Traditional)
VbEK6-etnKKaPamrG2jWjQ,Restaurants
5q6Xh-UcJa78bp6dzyaE7w,Coffee & Tea
5q6Xh-UcJa78bp6dzyaE7w,Restaurants
5q6Xh-UcJa78bp6dzyaE7w,Breakfast & Brunch
5q6Xh-UcJa78bp6dzyaE7w,Donuts
5q6Xh-UcJa78bp6dzyaE7w,Food
L6qd3x0bHymyxub9dF7lIA,Chinese
L6qd3x0bHymyxub9dF7lIA,Restaurants
L6qd3x0bHymyxub9dF7lIA,Noodles
u8-WDsLXAl0dXQW_wqWrDg,Vegetarian
u8-WDsLXAl0dXQW_wqWrDg,Restaurants
u8-WDsLXAl0dXQW_wqWrDg,Salad
u8-WDsLXAl0dXQW_wqWrDg,Burgers
bFeRYpzZ81w4y-VazDWdBA,Automotive
bFeRYpzZ81w4y-VazDWdBA,Body Shops
bFeRYpzZ81w4y-VazDWdBA,Car Dealers
efGCDASAIkHHUpMwZ-2WpQ,Arts & Entertainment
efGCDASAIkHHUpMwZ-2WpQ,Museums
kbaXNZLUyVuWbeQxH-NNKw,Barbeque
kbaXNZLUyVuWbeQxH-NNKw,Southern
kbaXNZLUyVuWbeQxH-NNKw,Restaurants
kbaXNZLUyVuWbeQxH-NNKw,American (New)
kbaXNZLUyVuWbeQxH-NNKw,American (Traditional)
MrSHPvHVdE_VzVN7iRz45Q,Sushi Bars
MrSHPvHVdE_VzVN7iRz45Q,Restaurants
MrSHPvHVdE_VzVN7iRz45Q,Nightlife
MrSHPvHVdE_VzVN7iRz45Q,Lounges
MrSHPvHVdE_VzVN7iRz45Q,Bars
MrSHPvHVdE_VzVN7iRz45Q,Asian Fusion
EVbEdWYLE9GDpVG97MGw-w,Mexican
EVbEdWYLE9GDpVG97MGw-w,Restaurants
O1ird5yRyuDFnOmYu90OoA,Mexican
O1ird5yRyuDFnOmYu90OoA,Restaurants
O1ird5yRyuDFnOmYu90OoA,Nightlife
O1ird5yRyuDFnOmYu90OoA,Bars
O1ird5yRyuDFnOmYu90OoA,Lounges
O1ird5yRyuDFnOmYu90OoA,Dance Clubs
O1ird5yRyuDFnOmYu90OoA,Cocktail Bars
MqIgMLUdD53r_dmx1goYJg,Breakfast & Brunch
MqIgMLUdD53r_dmx1goYJg,Seafood
MqIgMLUdD53r_dmx1goYJg,Bars
MqIgMLUdD53r_dmx1goYJg,Sports Bars
MqIgMLUdD53r_dmx1goYJg,Nightlife
MqIgMLUdD53r_dmx1goYJg,Restaurants
Lsy_RA1xk9qHFLzLNWKBww,Greek
Lsy_RA1xk9qHFLzLNWKBww,Restaurants
Lsy_RA1xk9qHFLzLNWKBww,Mediterranean
n0SSApg8pIMu9uWr7IvxcQ,Car Rental
n0SSApg8pIMu9uWr7IvxcQ,Hotels & Travel
AY4qBdRtkShnjiPTdlxw_A,Beer
AY4qBdRtkShnjiPTdlxw_A,Wine & Spirits
AY4qBdRtkShnjiPTdlxw_A,American (Traditional)
AY4qBdRtkShnjiPTdlxw_A,Restaurants
AY4qBdRtkShnjiPTdlxw_A,Diners
AY4qBdRtkShnjiPTdlxw_A,Bakeries
AY4qBdRtkShnjiPTdlxw_A,Breakfast & Brunch
AY4qBdRtkShnjiPTdlxw_A,Food
1QJFpZxLbHbXSKohWp9uIA,Restaurants
1QJFpZxLbHbXSKohWp9uIA,American (Traditional)
Gh-qmVwvibLnNdqEZXcQHw,Mediterranean
Gh-qmVwvibLnNdqEZXcQHw,Greek
Gh-qmVwvibLnNdqEZXcQHw,Italian
Gh-qmVwvibLnNdqEZXcQHw,Restaurants
kUTusjnUPVZUgUJc2GuWuA,Fondue
kUTusjnUPVZUgUJc2GuWuA,Restaurants
kUTusjnUPVZUgUJc2GuWuA,American (New)
IsN0qEzgAXBjbT3qn6lokA,Italian
IsN0qEzgAXBjbT3qn6lokA,Pizza
IsN0qEzgAXBjbT3qn6lokA,Restaurants
eTmy0-h4tTEpfbDVAue0MA,Gluten-Free
eTmy0-h4tTEpfbDVAue0MA,Italian
eTmy0-h4tTEpfbDVAue0MA,Restaurants
eTmy0-h4tTEpfbDVAue0MA,Pizza
9vkVY5puIHRfKMgJB4LBnw,Nightlife
9vkVY5puIHRfKMgJB4LBnw,American (New)
9vkVY5puIHRfKMgJB4LBnw,Food
9vkVY5puIHRfKMgJB4LBnw,Bars
9vkVY5puIHRfKMgJB4LBnw,Pizza
9vkVY5puIHRfKMgJB4LBnw,Breweries
9vkVY5puIHRfKMgJB4LBnw,American (Traditional)
9vkVY5puIHRfKMgJB4LBnw,Sports Bars
9vkVY5puIHRfKMgJB4LBnw,Restaurants
74pWjFssgqyhaVg-YCUo3A,Restaurants
74pWjFssgqyhaVg-YCUo3A,Breakfast & Brunch
74pWjFssgqyhaVg-YCUo3A,American (Traditional)
VBhPgceaKWOXT71d3Jp38w,Korean
VBhPgceaKWOXT71d3Jp38w,Restaurants
VBhPgceaKWOXT71d3Jp38w,Asian Fusion
VBhPgceaKWOXT71d3Jp38w,Japanese
SJU-jRAZS0cXoBGUjX5GUg,Asian Fusion
SJU-jRAZS0cXoBGUjX5GUg,Restaurants
78XbdLi5e42XDxgnxuYacg,Sushi Bars
78XbdLi5e42XDxgnxuYacg,Barbeque
78XbdLi5e42XDxgnxuYacg,Restaurants
78XbdLi5e42XDxgnxuYacg,Japanese
78XbdLi5e42XDxgnxuYacg,Steakhouses
uHUcYpGlcdlu5m7oiZGY6w,Filipino
uHUcYpGlcdlu5m7oiZGY6w,Restaurants
MiUrif_vYOuITF4ALf7WHA,American (New)
MiUrif_vYOuITF4ALf7WHA,Arts & Entertainment
MiUrif_vYOuITF4ALf7WHA,Resorts
MiUrif_vYOuITF4ALf7WHA,Hotels & Travel
MiUrif_vYOuITF4ALf7WHA,Casinos
MiUrif_vYOuITF4ALf7WHA,Restaurants
MiUrif_vYOuITF4ALf7WHA,American (Traditional)
uGcC3CKAolcwfOTMjjoexQ,Burgers
uGcC3CKAolcwfOTMjjoexQ,Restaurants
zqNgwQjj0_XAll-neGikIw,Breakfast & Brunch
zqNgwQjj0_XAll-neGikIw,Restaurants
zqNgwQjj0_XAll-neGikIw,Cafes
zqNgwQjj0_XAll-neGikIw,French
eSLwC2iFJOU4UWXyuPiTpg,Restaurants
eSLwC2iFJOU4UWXyuPiTpg,Bars
eSLwC2iFJOU4UWXyuPiTpg,Nightlife
eSLwC2iFJOU4UWXyuPiTpg,Pubs
eSLwC2iFJOU4UWXyuPiTpg,Irish
fOh0yRN8xOoiC0KebvSJ2Q,Education
fOh0yRN8xOoiC0KebvSJ2Q,Driving Schools
fOh0yRN8xOoiC0KebvSJ2Q,Race Tracks
fOh0yRN8xOoiC0KebvSJ2Q,Party & Event Planning
fOh0yRN8xOoiC0KebvSJ2Q,Event Planning & Services
fOh0yRN8xOoiC0KebvSJ2Q,Specialty Schools
fOh0yRN8xOoiC0KebvSJ2Q,Arts & Entertainment
fOh0yRN8xOoiC0KebvSJ2Q,Active Life
fOh0yRN8xOoiC0KebvSJ2Q,Amusement Parks
jcasci3gjbsSuTEVzvDQKg,Restaurants
jcasci3gjbsSuTEVzvDQKg,Italian
iIjVO7cLD1UEmIO7G05Ujw,Restaurants
iIjVO7cLD1UEmIO7G05Ujw,Mexican
V9bs-9SqhlryOCLy6vk6gg,Nightlife
V9bs-9SqhlryOCLy6vk6gg,Restaurants
V9bs-9SqhlryOCLy6vk6gg,Irish
V9bs-9SqhlryOCLy6vk6gg,Arts & Entertainment
V9bs-9SqhlryOCLy6vk6gg,Bars
V9bs-9SqhlryOCLy6vk6gg,Music Venues
V9bs-9SqhlryOCLy6vk6gg,Pubs
j2w6wlRmlaZaaErQus8ElQ,Vegan
j2w6wlRmlaZaaErQus8ElQ,Mediterranean
j2w6wlRmlaZaaErQus8ElQ,Restaurants
jN00dj1opLMyFczkCTptqQ,Nail Salons
jN00dj1opLMyFczkCTptqQ,Day Spas
jN00dj1opLMyFczkCTptqQ,Beauty & Spas
-a857YYdjzgOdOjFFRsRXQ,Nightlife
-a857YYdjzgOdOjFFRsRXQ,Restaurants
-a857YYdjzgOdOjFFRsRXQ,Beer Bar
-a857YYdjzgOdOjFFRsRXQ,Bars
-a857YYdjzgOdOjFFRsRXQ,Cocktail Bars
-a857YYdjzgOdOjFFRsRXQ,Sandwiches
-a857YYdjzgOdOjFFRsRXQ,Food Stands
-a857YYdjzgOdOjFFRsRXQ,Sports Bars
-a857YYdjzgOdOjFFRsRXQ,Burgers
DB9BRdu7is0AK1DvcuKlcw,Fast Food
DB9BRdu7is0AK1DvcuKlcw,Burgers
DB9BRdu7is0AK1DvcuKlcw,Restaurants
DB9BRdu7is0AK1DvcuKlcw,American (New)
0KjY3gmtqQjc4sK-uG-6fQ,Bakeries
0KjY3gmtqQjc4sK-uG-6fQ,Food
eoJfl5vG7X87QhcKb0nt5Q,German
eoJfl5vG7X87QhcKb0nt5Q,Bars
eoJfl5vG7X87QhcKb0nt5Q,Restaurants
eoJfl5vG7X87QhcKb0nt5Q,Nightlife
LNOnYo13ggdoEGD-syYHIA,American (Traditional)
LNOnYo13ggdoEGD-syYHIA,Buffets
LNOnYo13ggdoEGD-syYHIA,Restaurants
LNOnYo13ggdoEGD-syYHIA,American (New)
LNOnYo13ggdoEGD-syYHIA,Food
LNOnYo13ggdoEGD-syYHIA,Seafood
LNOnYo13ggdoEGD-syYHIA,Barbeque
e-cxqDjKEHEcISP2iGcZxg,Desserts
e-cxqDjKEHEcISP2iGcZxg,Bars
e-cxqDjKEHEcISP2iGcZxg,Karaoke
e-cxqDjKEHEcISP2iGcZxg,Food
e-cxqDjKEHEcISP2iGcZxg,Lounges
e-cxqDjKEHEcISP2iGcZxg,Restaurants
e-cxqDjKEHEcISP2iGcZxg,American (New)
e-cxqDjKEHEcISP2iGcZxg,Nightlife
PycR_Mr5jA9jB4Xg3nX0Yw,Car Rental
PycR_Mr5jA9jB4Xg3nX0Yw,Hotels & Travel
gLOc1Fzl8yuKGq7B1TWj_A,Massage
gLOc1Fzl8yuKGq7B1TWj_A,Eyelash Service
gLOc1Fzl8yuKGq7B1TWj_A,Beauty & Spas
gLOc1Fzl8yuKGq7B1TWj_A,Nail Salons
gLOc1Fzl8yuKGq7B1TWj_A,Hair Removal
k2b3niokS_tosjah_rzCPw,Restaurants
k2b3niokS_tosjah_rzCPw,Pizza
r8hF3kwnZzxTo1IYNcI6rg,Mexican
r8hF3kwnZzxTo1IYNcI6rg,Bars
r8hF3kwnZzxTo1IYNcI6rg,Nightlife
r8hF3kwnZzxTo1IYNcI6rg,Restaurants
34VuBMNaG9nJiyqsnoEgPg,Nightlife
34VuBMNaG9nJiyqsnoEgPg,Asian Fusion
34VuBMNaG9nJiyqsnoEgPg,Lounges
34VuBMNaG9nJiyqsnoEgPg,Bars
34VuBMNaG9nJiyqsnoEgPg,Sushi Bars
34VuBMNaG9nJiyqsnoEgPg,Restaurants
67X6JB3kvZ2B_p8pucgNXA,Sushi Bars
67X6JB3kvZ2B_p8pucgNXA,American (Traditional)
67X6JB3kvZ2B_p8pucgNXA,Restaurants
38-sjGYYVcQEKrZe5Nu47A,Nightlife
38-sjGYYVcQEKrZe5Nu47A,Restaurants
38-sjGYYVcQEKrZe5Nu47A,Sports Bars
38-sjGYYVcQEKrZe5Nu47A,Italian
38-sjGYYVcQEKrZe5Nu47A,Pizza
38-sjGYYVcQEKrZe5Nu47A,Bars
ehaoreB8IzKY8KvRGqxcUA,Restaurants
ehaoreB8IzKY8KvRGqxcUA,Gastropubs
ehaoreB8IzKY8KvRGqxcUA,American (Traditional)
iB9By3dVS6BydSUiDHxLyw,Bars
iB9By3dVS6BydSUiDHxLyw,Caterers
iB9By3dVS6BydSUiDHxLyw,Burgers
iB9By3dVS6BydSUiDHxLyw,Pizza
iB9By3dVS6BydSUiDHxLyw,American (New)
iB9By3dVS6BydSUiDHxLyw,American (Traditional)
iB9By3dVS6BydSUiDHxLyw,Restaurants
iB9By3dVS6BydSUiDHxLyw,Nightlife
iB9By3dVS6BydSUiDHxLyw,Sports Bars
iB9By3dVS6BydSUiDHxLyw,Event Planning & Services
Ks0M3J4vZAKsHPuCINz5fQ,Food
Ks0M3J4vZAKsHPuCINz5fQ,Bakeries
Ks0M3J4vZAKsHPuCINz5fQ,Custom Cakes
Ks0M3J4vZAKsHPuCINz5fQ,Cupcakes
2qjvYspb3bEmCaw1vmSk0g,Sushi Bars
2qjvYspb3bEmCaw1vmSk0g,Restaurants
zw4Legbcu018p5WcZ74iWA,Restaurants
zw4Legbcu018p5WcZ74iWA,French
zw4Legbcu018p5WcZ74iWA,Diners
zw4Legbcu018p5WcZ74iWA,Poutineries
zw4Legbcu018p5WcZ74iWA,Burgers
PJPO9AYkt__t4kSWdSWnfw,Restaurants
PJPO9AYkt__t4kSWdSWnfw,Breakfast & Brunch
PJPO9AYkt__t4kSWdSWnfw,Diners
PJPO9AYkt__t4kSWdSWnfw,American (New)
w1clLiXOo-yLhNjt5jDBCA,Restaurants
w1clLiXOo-yLhNjt5jDBCA,Sandwiches
w1clLiXOo-yLhNjt5jDBCA,Burgers
w1clLiXOo-yLhNjt5jDBCA,American (Traditional)
w1clLiXOo-yLhNjt5jDBCA,Canadian (New)
5Dccw539NNtnyCgTu5ed5A,Restaurants
5Dccw539NNtnyCgTu5ed5A,Chinese
5Dccw539NNtnyCgTu5ed5A,Thai
5Dccw539NNtnyCgTu5ed5A,Seafood
Wnq5to0-jXyh0-_jRZ6VOQ,Tex-Mex
Wnq5to0-jXyh0-_jRZ6VOQ,Mexican
Wnq5to0-jXyh0-_jRZ6VOQ,Restaurants
Wnq5to0-jXyh0-_jRZ6VOQ,American (Traditional)
2BuY5r2GWoai6IAn9FptCg,Beauty & Spas
2BuY5r2GWoai6IAn9FptCg,Day Spas
2BuY5r2GWoai6IAn9FptCg,Gyms
2BuY5r2GWoai6IAn9FptCg,Active Life
2BuY5r2GWoai6IAn9FptCg,Hair Salons
2BuY5r2GWoai6IAn9FptCg,Fitness & Instruction
qfj5Ih8-6RPF2ccvNGvCcg,Computers
qfj5Ih8-6RPF2ccvNGvCcg,Shopping
qfj5Ih8-6RPF2ccvNGvCcg,Mobile Phones
qfj5Ih8-6RPF2ccvNGvCcg,Electronics
qfj5Ih8-6RPF2ccvNGvCcg,Local Services
qfj5Ih8-6RPF2ccvNGvCcg,IT Services & Computer Repair
4mb32UmQULqg7IMck28vog,Mexican
4mb32UmQULqg7IMck28vog,Restaurants
4mb32UmQULqg7IMck28vog,Nightlife
4mb32UmQULqg7IMck28vog,Bars
8K5fQnv3YZIIhERyU82UBg,Restaurants
8K5fQnv3YZIIhERyU82UBg,Middle Eastern
sv694ZNBZfoC18OL5eRVuw,Venues & Event Spaces
sv694ZNBZfoC18OL5eRVuw,Arts & Entertainment
sv694ZNBZfoC18OL5eRVuw,Parks
sv694ZNBZfoC18OL5eRVuw,Active Life
sv694ZNBZfoC18OL5eRVuw,Event Planning & Services
sv694ZNBZfoC18OL5eRVuw,Botanical Gardens
bzyoY6HHZJS39fspg-6DrA,Barbeque
bzyoY6HHZJS39fspg-6DrA,Caterers
bzyoY6HHZJS39fspg-6DrA,Restaurants
bzyoY6HHZJS39fspg-6DrA,Event Planning & Services
VrIskBdLuRxS0HsSimJOhA,Chicken Wings
VrIskBdLuRxS0HsSimJOhA,Pubs
VrIskBdLuRxS0HsSimJOhA,Restaurants
VrIskBdLuRxS0HsSimJOhA,Nightlife
VrIskBdLuRxS0HsSimJOhA,Sports Bars
VrIskBdLuRxS0HsSimJOhA,Bars
VrIskBdLuRxS0HsSimJOhA,American (Traditional)
cUwNW5NEua_yMcAx-X2sMg,Event Planning & Services
cUwNW5NEua_yMcAx-X2sMg,Caterers
cUwNW5NEua_yMcAx-X2sMg,Restaurants
cUwNW5NEua_yMcAx-X2sMg,Breakfast & Brunch
cUwNW5NEua_yMcAx-X2sMg,American (Traditional)
cUwNW5NEua_yMcAx-X2sMg,Salad
Ey1iEY8yAQG5MEBZPQ_niQ,Event Planning & Services
Ey1iEY8yAQG5MEBZPQ_niQ,Arts & Entertainment
Ey1iEY8yAQG5MEBZPQ_niQ,Hotels
Ey1iEY8yAQG5MEBZPQ_niQ,Hotels & Travel
Ey1iEY8yAQG5MEBZPQ_niQ,Restaurants
Ey1iEY8yAQG5MEBZPQ_niQ,Casinos
bcgpyqPjC81lODTHzL_Mhw,Home Services
bcgpyqPjC81lODTHzL_Mhw,Heating & Air Conditioning/HVAC
bcgpyqPjC81lODTHzL_Mhw,Local Services
bcgpyqPjC81lODTHzL_Mhw,Contractors
bcgpyqPjC81lODTHzL_Mhw,Air Duct Cleaning
bcgpyqPjC81lODTHzL_Mhw,Plumbing
w2b0ve7xpuCQkwYICFIUOg,Restaurants
w2b0ve7xpuCQkwYICFIUOg,Italian
w2b0ve7xpuCQkwYICFIUOg,Food
w2b0ve7xpuCQkwYICFIUOg,Pasta Shops
w2b0ve7xpuCQkwYICFIUOg,Specialty Food
w2b0ve7xpuCQkwYICFIUOg,Sandwiches
4MQaqhBUJCpghGukSWNq7w,Nightlife
4MQaqhBUJCpghGukSWNq7w,Bars
4MQaqhBUJCpghGukSWNq7w,Sports Bars
4MQaqhBUJCpghGukSWNq7w,Canadian (New)
4MQaqhBUJCpghGukSWNq7w,American (Traditional)
4MQaqhBUJCpghGukSWNq7w,Restaurants
4MQaqhBUJCpghGukSWNq7w,Gastropubs
4MQaqhBUJCpghGukSWNq7w,Arts & Entertainment
9c3LlXubVkbMwIrS8dIp0Q,American (Traditional)
9c3LlXubVkbMwIrS8dIp0Q,Salad
9c3LlXubVkbMwIrS8dIp0Q,Barbeque
9c3LlXubVkbMwIrS8dIp0Q,Food
9c3LlXubVkbMwIrS8dIp0Q,Gastropubs
9c3LlXubVkbMwIrS8dIp0Q,Restaurants
9c3LlXubVkbMwIrS8dIp0Q,Burgers
48vnBJK0B95JpO0_OMrTQw,Lounges
48vnBJK0B95JpO0_OMrTQw,Event Planning & Services
48vnBJK0B95JpO0_OMrTQw,Nightlife
48vnBJK0B95JpO0_OMrTQw,Bars
48vnBJK0B95JpO0_OMrTQw,Dance Clubs
48vnBJK0B95JpO0_OMrTQw,Party & Event Planning
yF9G4dJAm94pfnEWzPtPYQ,Sandwiches
yF9G4dJAm94pfnEWzPtPYQ,Restaurants
yF9G4dJAm94pfnEWzPtPYQ,Music Venues
yF9G4dJAm94pfnEWzPtPYQ,Nightlife
yF9G4dJAm94pfnEWzPtPYQ,Arts & Entertainment
yF9G4dJAm94pfnEWzPtPYQ,Pizza
R1oI13c1oNxE91wkjYDeow,Restaurants
R1oI13c1oNxE91wkjYDeow,Sushi Bars
R1oI13c1oNxE91wkjYDeow,Japanese
R1oI13c1oNxE91wkjYDeow,Asian Fusion
FsCujpVh9Za2Dl5MIYLCxA,Restaurants
FsCujpVh9Za2Dl5MIYLCxA,Japanese
FsCujpVh9Za2Dl5MIYLCxA,Asian Fusion
FsCujpVh9Za2Dl5MIYLCxA,Bars
FsCujpVh9Za2Dl5MIYLCxA,Nightlife
FsCujpVh9Za2Dl5MIYLCxA,Sushi Bars
s5jo4xojsezzl8TKP7XKtQ,Skin Care
s5jo4xojsezzl8TKP7XKtQ,Day Spas
s5jo4xojsezzl8TKP7XKtQ,Beauty & Spas
s5jo4xojsezzl8TKP7XKtQ,Nail Salons
vx1gUYqYQE2O5rfOrUi-Cw,Hotels
vx1gUYqYQE2O5rfOrUi-Cw,Event Planning & Services
vx1gUYqYQE2O5rfOrUi-Cw,Hotels & Travel
vx1gUYqYQE2O5rfOrUi-Cw,Venues & Event Spaces
R7LyTeiOHLyTNkA8HssBRQ,Mexican
R7LyTeiOHLyTNkA8HssBRQ,Restaurants
WU4wM-uD1INThG6F3sGzCQ,Event Planning & Services
WU4wM-uD1INThG6F3sGzCQ,Hotels
WU4wM-uD1INThG6F3sGzCQ,Venues & Event Spaces
WU4wM-uD1INThG6F3sGzCQ,Hotels & Travel
5JjGTaZkHbbjBrzBODcsAQ,Restaurants
5JjGTaZkHbbjBrzBODcsAQ,Sushi Bars
5JjGTaZkHbbjBrzBODcsAQ,Japanese
plHKBwA18aWeP-TG8DC96Q,Barbeque
plHKBwA18aWeP-TG8DC96Q,Restaurants
plHKBwA18aWeP-TG8DC96Q,Burgers
plHKBwA18aWeP-TG8DC96Q,Mexican
JezHN-9KKLTMbojq00VP0g,French
JezHN-9KKLTMbojq00VP0g,Cafes
JezHN-9KKLTMbojq00VP0g,Breakfast & Brunch
JezHN-9KKLTMbojq00VP0g,Restaurants
HaWU8ICNtjIkCN_ZNrx1hw,Arts & Entertainment
HaWU8ICNtjIkCN_ZNrx1hw,Art Galleries
HaWU8ICNtjIkCN_ZNrx1hw,Shopping
HaWU8ICNtjIkCN_ZNrx1hw,Bakeries
HaWU8ICNtjIkCN_ZNrx1hw,Food
HaWU8ICNtjIkCN_ZNrx1hw,Coffee & Tea
HaWU8ICNtjIkCN_ZNrx1hw,Restaurants
HaWU8ICNtjIkCN_ZNrx1hw,Cafes
I4Nr-MVc26qWr08-S3Q1ow,Pizza
I4Nr-MVc26qWr08-S3Q1ow,Delis
I4Nr-MVc26qWr08-S3Q1ow,Sandwiches
I4Nr-MVc26qWr08-S3Q1ow,Restaurants
ZtsnwjxjzMUI6tDZNrJUeA,Seafood
ZtsnwjxjzMUI6tDZNrJUeA,American (Traditional)
ZtsnwjxjzMUI6tDZNrJUeA,Steakhouses
ZtsnwjxjzMUI6tDZNrJUeA,Restaurants
ZtsnwjxjzMUI6tDZNrJUeA,Burgers
Uvq6V0G784vJzYFjLddIgg,American (New)
Uvq6V0G784vJzYFjLddIgg,Burgers
Uvq6V0G784vJzYFjLddIgg,Beer
Uvq6V0G784vJzYFjLddIgg,Wine & Spirits
Uvq6V0G784vJzYFjLddIgg,Sandwiches
Uvq6V0G784vJzYFjLddIgg,Food
Uvq6V0G784vJzYFjLddIgg,Restaurants
F0lI9okn4pzmN_iq5UqF7w,Pizza
F0lI9okn4pzmN_iq5UqF7w,Gluten-Free
F0lI9okn4pzmN_iq5UqF7w,Restaurants
iuSq6jpt-r-7JxqXE5hK6g,Bars
iuSq6jpt-r-7JxqXE5hK6g,Restaurants
iuSq6jpt-r-7JxqXE5hK6g,Cocktail Bars
iuSq6jpt-r-7JxqXE5hK6g,American (New)
iuSq6jpt-r-7JxqXE5hK6g,Nightlife
z8XIldYr65CKOz8yOI5R8A,Hotels & Travel
z8XIldYr65CKOz8yOI5R8A,Event Planning & Services
z8XIldYr65CKOz8yOI5R8A,Beauty & Spas
z8XIldYr65CKOz8yOI5R8A,Day Spas
z8XIldYr65CKOz8yOI5R8A,Resorts
z8XIldYr65CKOz8yOI5R8A,Hotels
z8XIldYr65CKOz8yOI5R8A,Venues & Event Spaces
TXS-9SUkjpZFz29XOB1SPg,Soul Food
TXS-9SUkjpZFz29XOB1SPg,Breakfast & Brunch
TXS-9SUkjpZFz29XOB1SPg,Restaurants
TXS-9SUkjpZFz29XOB1SPg,Cafes
hPclwunHi36YV8cPghWJBg,Thai
hPclwunHi36YV8cPghWJBg,Restaurants
OFNXLfKbnsh7zV6Iu3EbyA,Pizza
OFNXLfKbnsh7zV6Iu3EbyA,Restaurants
EvWGuX0eqKcZvLRgtIFHZg,Restaurants
EvWGuX0eqKcZvLRgtIFHZg,American (Traditional)
EvWGuX0eqKcZvLRgtIFHZg,Breakfast & Brunch
EvWGuX0eqKcZvLRgtIFHZg,Bars
EvWGuX0eqKcZvLRgtIFHZg,Nightlife
R1jJQi2yR44D_2ileqr8kA,Vegetarian
R1jJQi2yR44D_2ileqr8kA,Live/Raw Food
R1jJQi2yR44D_2ileqr8kA,Restaurants
R1jJQi2yR44D_2ileqr8kA,Vegan
DOPUavsTUzTcpn3PrK5tUw,Beer
DOPUavsTUzTcpn3PrK5tUw,Wine & Spirits
DOPUavsTUzTcpn3PrK5tUw,Tobacco Shops
DOPUavsTUzTcpn3PrK5tUw,Shopping
DOPUavsTUzTcpn3PrK5tUw,Grocery
DOPUavsTUzTcpn3PrK5tUw,Flowers & Gifts
DOPUavsTUzTcpn3PrK5tUw,Food
CZKkoMlqu0N0zCFK-3T_Fg,American (New)
CZKkoMlqu0N0zCFK-3T_Fg,Restaurants
fuW-VCynECpKukrm-9nxdg,Mexican
fuW-VCynECpKukrm-9nxdg,Restaurants
KUOa1acSFn6DkO9jp-sn6A,Barbeque
KUOa1acSFn6DkO9jp-sn6A,Restaurants
oH6QAuoTLFaX97oqqpLTMg,Pizza
oH6QAuoTLFaX97oqqpLTMg,Restaurants
w7r_pDUR56k0raVroQhhww,American (Traditional)
w7r_pDUR56k0raVroQhhww,Nightlife
w7r_pDUR56k0raVroQhhww,Restaurants
w7r_pDUR56k0raVroQhhww,Bars
w7r_pDUR56k0raVroQhhww,Pubs
lMYs3z3Y7977TVMn6OWObA,Breakfast & Brunch
lMYs3z3Y7977TVMn6OWObA,Diners
lMYs3z3Y7977TVMn6OWObA,American (Traditional)
lMYs3z3Y7977TVMn6OWObA,Restaurants
tcgmfbWugkHI3FRrjlH6lQ,Bars
tcgmfbWugkHI3FRrjlH6lQ,American (Traditional)
tcgmfbWugkHI3FRrjlH6lQ,Restaurants
tcgmfbWugkHI3FRrjlH6lQ,Steakhouses
tcgmfbWugkHI3FRrjlH6lQ,Nightlife
-rLP6lfoQmOO_5Pf2bTkqg,Food
-rLP6lfoQmOO_5Pf2bTkqg,Cafes
-rLP6lfoQmOO_5Pf2bTkqg,Bakeries
-rLP6lfoQmOO_5Pf2bTkqg,Restaurants
-rLP6lfoQmOO_5Pf2bTkqg,Breakfast & Brunch
FgTzITgrmvrZqoHvkTSDzA,Bars
FgTzITgrmvrZqoHvkTSDzA,American (New)
FgTzITgrmvrZqoHvkTSDzA,Nightlife
FgTzITgrmvrZqoHvkTSDzA,Restaurants
FgTzITgrmvrZqoHvkTSDzA,Beer
FgTzITgrmvrZqoHvkTSDzA,Wine & Spirits
FgTzITgrmvrZqoHvkTSDzA,Sports Bars
FgTzITgrmvrZqoHvkTSDzA,American (Traditional)
FgTzITgrmvrZqoHvkTSDzA,Food
aZG9Hp8fdgzq37iuB1QTYg,Amusement Parks
aZG9Hp8fdgzq37iuB1QTYg,Active Life
q3oJ6bNRV3OoJrwc95GOwg,American (Traditional)
q3oJ6bNRV3OoJrwc95GOwg,Hot Dogs
q3oJ6bNRV3OoJrwc95GOwg,Street Vendors
q3oJ6bNRV3OoJrwc95GOwg,Food
q3oJ6bNRV3OoJrwc95GOwg,Gastropubs
q3oJ6bNRV3OoJrwc95GOwg,American (New)
q3oJ6bNRV3OoJrwc95GOwg,Desserts
q3oJ6bNRV3OoJrwc95GOwg,Restaurants
jCNBZnkIFv_0omLVTgNR6Q,Indian
jCNBZnkIFv_0omLVTgNR6Q,Restaurants
7dKIMvsTQI6zO-NYdRmrwA,Restaurants
7dKIMvsTQI6zO-NYdRmrwA,Fast Food
7dKIMvsTQI6zO-NYdRmrwA,Fish & Chips
7dKIMvsTQI6zO-NYdRmrwA,British
FYqFfaxVRW6pdviONXIoDw,Bars
FYqFfaxVRW6pdviONXIoDw,Steakhouses
FYqFfaxVRW6pdviONXIoDw,Restaurants
FYqFfaxVRW6pdviONXIoDw,Wine Bars
FYqFfaxVRW6pdviONXIoDw,Nightlife
FYqFfaxVRW6pdviONXIoDw,American (New)
HyKxWC9PrqlODjO-CBCIZA,Italian
HyKxWC9PrqlODjO-CBCIZA,Pizza
HyKxWC9PrqlODjO-CBCIZA,Restaurants
HyKxWC9PrqlODjO-CBCIZA,Chicken Wings
3oTVApC-eUzpGjrOVxIr5g,Food
3oTVApC-eUzpGjrOVxIr5g,American (Traditional)
3oTVApC-eUzpGjrOVxIr5g,American (New)
3oTVApC-eUzpGjrOVxIr5g,Desserts
3oTVApC-eUzpGjrOVxIr5g,Restaurants
w1fJzm0ladnhvT7Jc0MJ6w,Men's Hair Salons
w1fJzm0ladnhvT7Jc0MJ6w,Beauty & Spas
w1fJzm0ladnhvT7Jc0MJ6w,Cosmetics & Beauty Supply
w1fJzm0ladnhvT7Jc0MJ6w,Hair Salons
w1fJzm0ladnhvT7Jc0MJ6w,Barbers
w1fJzm0ladnhvT7Jc0MJ6w,Shopping
kwMJ4KfhEcrk9jiMe-S6wQ,Food
kwMJ4KfhEcrk9jiMe-S6wQ,Pizza
kwMJ4KfhEcrk9jiMe-S6wQ,Ice Cream & Frozen Yogurt
kwMJ4KfhEcrk9jiMe-S6wQ,Gelato
kwMJ4KfhEcrk9jiMe-S6wQ,Restaurants
1dhPgc7E7IzzpxjHM2LphQ,Tex-Mex
1dhPgc7E7IzzpxjHM2LphQ,Restaurants
1dhPgc7E7IzzpxjHM2LphQ,Mexican
TtbCOwOpNNzE7fW5CFwyng,Restaurants
TtbCOwOpNNzE7fW5CFwyng,Bubble Tea
TtbCOwOpNNzE7fW5CFwyng,Food
TtbCOwOpNNzE7fW5CFwyng,Breakfast & Brunch
TtbCOwOpNNzE7fW5CFwyng,Donuts
xTlmLL2xZZ0xhZ2J16zXQQ,Food
xTlmLL2xZZ0xhZ2J16zXQQ,Coffee & Tea
xTlmLL2xZZ0xhZ2J16zXQQ,Bakeries
xTlmLL2xZZ0xhZ2J16zXQQ,Juice Bars & Smoothies
JjjlhlQ2LEaQMuAug4fDIA,Restaurants
JjjlhlQ2LEaQMuAug4fDIA,Chinese
JjjlhlQ2LEaQMuAug4fDIA,Taiwanese
HqlzinXIqYe7aDexEDwSBA,Seafood
HqlzinXIqYe7aDexEDwSBA,Restaurants
ku9ak9cQnIGBCXBtRd61tQ,Food
ku9ak9cQnIGBCXBtRd61tQ,Nightlife
ku9ak9cQnIGBCXBtRd61tQ,Bars
ku9ak9cQnIGBCXBtRd61tQ,Burgers
ku9ak9cQnIGBCXBtRd61tQ,Beer
ku9ak9cQnIGBCXBtRd61tQ,Wine & Spirits
ku9ak9cQnIGBCXBtRd61tQ,American (New)
ku9ak9cQnIGBCXBtRd61tQ,Beer Bar
ku9ak9cQnIGBCXBtRd61tQ,Restaurants
ku9ak9cQnIGBCXBtRd61tQ,Breakfast & Brunch
ku9ak9cQnIGBCXBtRd61tQ,Sandwiches
c35qzLN6ItDpVIoj2uQW4Q,Soup
c35qzLN6ItDpVIoj2uQW4Q,Restaurants
c35qzLN6ItDpVIoj2uQW4Q,Sandwiches
if59L5DHM4pPMrCx9HuD8A,Hotels
if59L5DHM4pPMrCx9HuD8A,Casinos
if59L5DHM4pPMrCx9HuD8A,Hotels & Travel
if59L5DHM4pPMrCx9HuD8A,Arts & Entertainment
if59L5DHM4pPMrCx9HuD8A,Event Planning & Services
3_A59jPniLD5ViVuKMYpJw,Restaurants
3_A59jPniLD5ViVuKMYpJw,Breakfast & Brunch
3_A59jPniLD5ViVuKMYpJw,Food
3_A59jPniLD5ViVuKMYpJw,Sandwiches
3_A59jPniLD5ViVuKMYpJw,Coffee & Tea
SvCjBtbN1cKElDKPTw9dOA,Restaurants
SvCjBtbN1cKElDKPTw9dOA,Seafood
YU2XR_ZY-g2VzDpi7KMzEw,Coffee & Tea
YU2XR_ZY-g2VzDpi7KMzEw,Bubble Tea
YU2XR_ZY-g2VzDpi7KMzEw,Taiwanese
YU2XR_ZY-g2VzDpi7KMzEw,Food
YU2XR_ZY-g2VzDpi7KMzEw,Restaurants
Mv7N0bU56dhtoDP-m2JOow,Nightlife
Mv7N0bU56dhtoDP-m2JOow,Tapas Bars
Mv7N0bU56dhtoDP-m2JOow,Bars
Mv7N0bU56dhtoDP-m2JOow,American (New)
Mv7N0bU56dhtoDP-m2JOow,Restaurants
Mv7N0bU56dhtoDP-m2JOow,Lounges
KVqWA98XZwGhJ3YbFNi0vw,Ice Cream & Frozen Yogurt
KVqWA98XZwGhJ3YbFNi0vw,Cafes
KVqWA98XZwGhJ3YbFNi0vw,Restaurants
KVqWA98XZwGhJ3YbFNi0vw,Donuts
KVqWA98XZwGhJ3YbFNi0vw,Breakfast & Brunch
KVqWA98XZwGhJ3YbFNi0vw,Poutineries
KVqWA98XZwGhJ3YbFNi0vw,Sandwiches
KVqWA98XZwGhJ3YbFNi0vw,Coffee & Tea
KVqWA98XZwGhJ3YbFNi0vw,Bakeries
KVqWA98XZwGhJ3YbFNi0vw,Food
_tdW1CRiHJKJf-nWn7j0eA,Home Services
_tdW1CRiHJKJf-nWn7j0eA,Window Washing
_tdW1CRiHJKJf-nWn7j0eA,Home Cleaning
_tdW1CRiHJKJf-nWn7j0eA,Professional Services
_tdW1CRiHJKJf-nWn7j0eA,Local Services
_tdW1CRiHJKJf-nWn7j0eA,Office Cleaning
_tdW1CRiHJKJf-nWn7j0eA,Carpet Cleaning
ZDt9V3Gi5OcCKSCt8HfQEQ,Tires
ZDt9V3Gi5OcCKSCt8HfQEQ,Automotive
ZDt9V3Gi5OcCKSCt8HfQEQ,Oil Change Stations
ZDt9V3Gi5OcCKSCt8HfQEQ,Auto Repair
zbrFk-4ejesAJD8EwcdHxg,Mexican
zbrFk-4ejesAJD8EwcdHxg,Restaurants
zbrFk-4ejesAJD8EwcdHxg,Bars
zbrFk-4ejesAJD8EwcdHxg,Sports Bars
zbrFk-4ejesAJD8EwcdHxg,Nightlife
IWOQNyRqWrnqQA5K49eK5g,Restaurants
IWOQNyRqWrnqQA5K49eK5g,Cajun/Creole
IWOQNyRqWrnqQA5K49eK5g,Seafood
n7V4cD-KqqE3OXk0irJTyA,American (New)
n7V4cD-KqqE3OXk0irJTyA,Arts & Entertainment
n7V4cD-KqqE3OXk0irJTyA,Arcades
n7V4cD-KqqE3OXk0irJTyA,Restaurants
n7V4cD-KqqE3OXk0irJTyA,Gastropubs
hDL3Q-GNQlOuE04_zWEMJA,Buffets
hDL3Q-GNQlOuE04_zWEMJA,Chinese
hDL3Q-GNQlOuE04_zWEMJA,Restaurants
hDL3Q-GNQlOuE04_zWEMJA,Asian Fusion
be_yaOiBVVHngU1jFQV2rA,Arts & Entertainment
be_yaOiBVVHngU1jFQV2rA,Venues & Event Spaces
be_yaOiBVVHngU1jFQV2rA,Museums
be_yaOiBVVHngU1jFQV2rA,Event Planning & Services
be_yaOiBVVHngU1jFQV2rA,Children's Museums
be_yaOiBVVHngU1jFQV2rA,Active Life
be_yaOiBVVHngU1jFQV2rA,Summer Camps
7wMB3wMbOp0gq3l6nHfOaA,Ramen
7wMB3wMbOp0gq3l6nHfOaA,Nightlife
7wMB3wMbOp0gq3l6nHfOaA,Japanese
7wMB3wMbOp0gq3l6nHfOaA,Bars
7wMB3wMbOp0gq3l6nHfOaA,Restaurants
1gQrMs-I8oKg2p-iRxznzQ,Southern
1gQrMs-I8oKg2p-iRxznzQ,Breakfast & Brunch
1gQrMs-I8oKg2p-iRxznzQ,Restaurants
1gQrMs-I8oKg2p-iRxznzQ,Bars
1gQrMs-I8oKg2p-iRxznzQ,Nightlife
yy7pPm_QGVRm6exD__Htug,Indian
yy7pPm_QGVRm6exD__Htug,Restaurants
yy7pPm_QGVRm6exD__Htug,Gluten-Free
yy7pPm_QGVRm6exD__Htug,Vegan
yy7pPm_QGVRm6exD__Htug,Buffets
yy7pPm_QGVRm6exD__Htug,Pakistani
yKaIT0fnxEj0YVr1DMHvuQ,Heating & Air Conditioning/HVAC
yKaIT0fnxEj0YVr1DMHvuQ,Home Services
Cp-clhAJs3NJRwXpXk_saw,Wine Bars
Cp-clhAJs3NJRwXpXk_saw,Bars
Cp-clhAJs3NJRwXpXk_saw,Pubs
Cp-clhAJs3NJRwXpXk_saw,Lounges
Cp-clhAJs3NJRwXpXk_saw,Nightlife
Cp-clhAJs3NJRwXpXk_saw,Dive Bars
5Lcit9Zt6TF9bmKoFMhF0g,Taiwanese
5Lcit9Zt6TF9bmKoFMhF0g,Noodles
5Lcit9Zt6TF9bmKoFMhF0g,Chinese
5Lcit9Zt6TF9bmKoFMhF0g,Restaurants
DLJCwHGtbAV31UQ1lnIjlw,Delis
DLJCwHGtbAV31UQ1lnIjlw,Restaurants
DLJCwHGtbAV31UQ1lnIjlw,Italian
8OeHn9KCbICuRBs_XiDDUA,Nightlife
8OeHn9KCbICuRBs_XiDDUA,Restaurants
8OeHn9KCbICuRBs_XiDDUA,Barbeque
8OeHn9KCbICuRBs_XiDDUA,Steakhouses
8OeHn9KCbICuRBs_XiDDUA,Dive Bars
8OeHn9KCbICuRBs_XiDDUA,American (Traditional)
8OeHn9KCbICuRBs_XiDDUA,Bars
2MpSWir6lVaTmJHtLCyP7g,Bagels
2MpSWir6lVaTmJHtLCyP7g,Food
SAfuIUZMXrOnb3LWyvYjDA,Restaurants
SAfuIUZMXrOnb3LWyvYjDA,Korean
CK-Gv3vqIlWOrKP4fhT8_g,Hot Dogs
CK-Gv3vqIlWOrKP4fhT8_g,Pubs
CK-Gv3vqIlWOrKP4fhT8_g,Restaurants
CK-Gv3vqIlWOrKP4fhT8_g,Nightlife
CK-Gv3vqIlWOrKP4fhT8_g,Bars
CK-Gv3vqIlWOrKP4fhT8_g,Beer
CK-Gv3vqIlWOrKP4fhT8_g,Wine & Spirits
CK-Gv3vqIlWOrKP4fhT8_g,Food
fCJrZIzz85_8Uhf072QVnA,Bars
fCJrZIzz85_8Uhf072QVnA,Restaurants
fCJrZIzz85_8Uhf072QVnA,American (New)
fCJrZIzz85_8Uhf072QVnA,Nightlife
fCJrZIzz85_8Uhf072QVnA,Burgers
fCJrZIzz85_8Uhf072QVnA,American (Traditional)
gxEkxkqQrrK62DJnXxXDLg,American (Traditional)
gxEkxkqQrrK62DJnXxXDLg,Restaurants
gxEkxkqQrrK62DJnXxXDLg,Burgers
S1N5-ZXwR4fUIPs6dLnBYQ,Vietnamese
S1N5-ZXwR4fUIPs6dLnBYQ,Restaurants
S1N5-ZXwR4fUIPs6dLnBYQ,Chinese
S1N5-ZXwR4fUIPs6dLnBYQ,Thai
0PMKMyfX1j7Nc4esk1RaMg,Pizza
0PMKMyfX1j7Nc4esk1RaMg,Italian
0PMKMyfX1j7Nc4esk1RaMg,Restaurants
VaKXUpmWTTWDKbpJ3aQdMw,Chicken Wings
VaKXUpmWTTWDKbpJ3aQdMw,Bars
VaKXUpmWTTWDKbpJ3aQdMw,American (Traditional)
VaKXUpmWTTWDKbpJ3aQdMw,Nightlife
VaKXUpmWTTWDKbpJ3aQdMw,Restaurants
VaKXUpmWTTWDKbpJ3aQdMw,Sports Bars
YBLVD61RFdP5H-RGLSIPUw,Boot Camps
YBLVD61RFdP5H-RGLSIPUw,Fitness & Instruction
YBLVD61RFdP5H-RGLSIPUw,Pilates
YBLVD61RFdP5H-RGLSIPUw,Gyms
YBLVD61RFdP5H-RGLSIPUw,Active Life
c6f8wBjPLDzyubEBqgcMnw,Food
c6f8wBjPLDzyubEBqgcMnw,Coffee & Tea
IbDCaYwFi-e-nhEmH-FYPA,American (New)
IbDCaYwFi-e-nhEmH-FYPA,Restaurants
IbDCaYwFi-e-nhEmH-FYPA,Sushi Bars
GPVHfoDjSOivqgIDjIOA-Q,Cajun/Creole
GPVHfoDjSOivqgIDjIOA-Q,Restaurants
GPVHfoDjSOivqgIDjIOA-Q,Seafood
JrEMvvNR1rUVkAMvPPZYkg,Restaurants
JrEMvvNR1rUVkAMvPPZYkg,Barbeque
JrEMvvNR1rUVkAMvPPZYkg,Food
JrEMvvNR1rUVkAMvPPZYkg,Desserts
JrEMvvNR1rUVkAMvPPZYkg,Sandwiches
3sI_seI268r85-uyOmEyEw,Printing Services
3sI_seI268r85-uyOmEyEw,Local Services
HwEDsb1xtRBTuFwATTRjpA,Restaurants
HwEDsb1xtRBTuFwATTRjpA,American (Traditional)
HwEDsb1xtRBTuFwATTRjpA,Desserts
HwEDsb1xtRBTuFwATTRjpA,Food
HwEDsb1xtRBTuFwATTRjpA,American (New)
dc3uoAmNo5STqKV6mlD_aA,Hotels
dc3uoAmNo5STqKV6mlD_aA,Nightlife
dc3uoAmNo5STqKV6mlD_aA,Lounges
dc3uoAmNo5STqKV6mlD_aA,Bars
dc3uoAmNo5STqKV6mlD_aA,Canadian (New)
dc3uoAmNo5STqKV6mlD_aA,Hotels & Travel
dc3uoAmNo5STqKV6mlD_aA,Event Planning & Services
dc3uoAmNo5STqKV6mlD_aA,Restaurants
HYKTKG3X7jtLe6elxp63JQ,Restaurants
HYKTKG3X7jtLe6elxp63JQ,Fish & Chips
HYKTKG3X7jtLe6elxp63JQ,Seafood
3Qi7NwTpAc3Oh1-wMb546w,Contractors
3Qi7NwTpAc3Oh1-wMb546w,Plumbing
3Qi7NwTpAc3Oh1-wMb546w,Heating & Air Conditioning/HVAC
3Qi7NwTpAc3Oh1-wMb546w,Home Services
3Qi7NwTpAc3Oh1-wMb546w,Water Heater Installation/Repair
-wCtRhzWJ40Z4F8mmg7kWg,Restaurants
-wCtRhzWJ40Z4F8mmg7kWg,American (New)
-wCtRhzWJ40Z4F8mmg7kWg,Seafood
M-ajUawvXeHSqpeM_2UDOg,Car Rental
M-ajUawvXeHSqpeM_2UDOg,Hotels & Travel
O3OH5IEFMPtz7mPKakPZ3Q,Asian Fusion
O3OH5IEFMPtz7mPKakPZ3Q,Japanese
O3OH5IEFMPtz7mPKakPZ3Q,Restaurants
O3OH5IEFMPtz7mPKakPZ3Q,Tapas Bars
O3OH5IEFMPtz7mPKakPZ3Q,French
AnXovUgUHJap3QaDRnjL1w,Diners
AnXovUgUHJap3QaDRnjL1w,American (New)
AnXovUgUHJap3QaDRnjL1w,Breakfast & Brunch
AnXovUgUHJap3QaDRnjL1w,Restaurants
R6dsQhkBRq2qwwPnqommKw,Caterers
R6dsQhkBRq2qwwPnqommKw,Hotels
R6dsQhkBRq2qwwPnqommKw,Event Planning & Services
R6dsQhkBRq2qwwPnqommKw,Hotels & Travel
PQicuLOZ3uNJKn4PtayjlQ,Hot Dogs
PQicuLOZ3uNJKn4PtayjlQ,Beer Bar
PQicuLOZ3uNJKn4PtayjlQ,Bars
PQicuLOZ3uNJKn4PtayjlQ,Nightlife
PQicuLOZ3uNJKn4PtayjlQ,Fast Food
PQicuLOZ3uNJKn4PtayjlQ,Restaurants
PQicuLOZ3uNJKn4PtayjlQ,Burgers
EhtKeNUGGWnjsCLIhCD1jQ,Hotels & Travel
EhtKeNUGGWnjsCLIhCD1jQ,Nightlife
EhtKeNUGGWnjsCLIhCD1jQ,Bars
EhtKeNUGGWnjsCLIhCD1jQ,Hotels
EhtKeNUGGWnjsCLIhCD1jQ,Music Venues
EhtKeNUGGWnjsCLIhCD1jQ,Event Planning & Services
EhtKeNUGGWnjsCLIhCD1jQ,Arts & Entertainment
EhtKeNUGGWnjsCLIhCD1jQ,Casinos
fZM_o3kKZ9mR-1pvBeow8A,Shopping
fZM_o3kKZ9mR-1pvBeow8A,Diners
fZM_o3kKZ9mR-1pvBeow8A,Restaurants
fZM_o3kKZ9mR-1pvBeow8A,Food
fZM_o3kKZ9mR-1pvBeow8A,Shopping Centers
rnx0KHHTD9Yvr2BWAWwQ4g,American (New)
rnx0KHHTD9Yvr2BWAWwQ4g,Restaurants
rnx0KHHTD9Yvr2BWAWwQ4g,Food
rnx0KHHTD9Yvr2BWAWwQ4g,Bakeries
rnx0KHHTD9Yvr2BWAWwQ4g,Breakfast & Brunch
ErHMVkPstNyefb3ZU_z1Cw,Gluten-Free
ErHMVkPstNyefb3ZU_z1Cw,Vegan
ErHMVkPstNyefb3ZU_z1Cw,Pizza
ErHMVkPstNyefb3ZU_z1Cw,Restaurants
p81LV6y6Jxz_q_3HL06jOw,Restaurants
p81LV6y6Jxz_q_3HL06jOw,Sushi Bars
p81LV6y6Jxz_q_3HL06jOw,Japanese
PCiyAPyWO9_6IUWgw7Pwog,Cafes
PCiyAPyWO9_6IUWgw7Pwog,Restaurants
PCiyAPyWO9_6IUWgw7Pwog,Food
PCiyAPyWO9_6IUWgw7Pwog,Breakfast & Brunch
PCiyAPyWO9_6IUWgw7Pwog,Coffee & Tea
XkvvUNCmLIvOts0OftXegw,Restaurants
XkvvUNCmLIvOts0OftXegw,Breakfast & Brunch
5KheTjYPu1HcQzQFtm4_vw,Restaurants
5KheTjYPu1HcQzQFtm4_vw,Mexican
x4aHNNo1osWNCB75q_PijQ,Gluten-Free
x4aHNNo1osWNCB75q_PijQ,Sandwiches
x4aHNNo1osWNCB75q_PijQ,Italian
x4aHNNo1osWNCB75q_PijQ,Pizza
x4aHNNo1osWNCB75q_PijQ,Restaurants
_xAJZOKBMPOe47p1MphB2w,Seafood
_xAJZOKBMPOe47p1MphB2w,Restaurants
_xAJZOKBMPOe47p1MphB2w,Chinese
_xAJZOKBMPOe47p1MphB2w,Live/Raw Food
AFgPDQm_pczo5uV3yQBgwg,Bars
AFgPDQm_pczo5uV3yQBgwg,Belgian
AFgPDQm_pczo5uV3yQBgwg,Breakfast & Brunch
AFgPDQm_pczo5uV3yQBgwg,Nightlife
AFgPDQm_pczo5uV3yQBgwg,American (Traditional)
AFgPDQm_pczo5uV3yQBgwg,Sandwiches
AFgPDQm_pczo5uV3yQBgwg,Restaurants
AFgPDQm_pczo5uV3yQBgwg,Waffles
AFgPDQm_pczo5uV3yQBgwg,Burgers
2auigv5pF08RjJ8CL1dIVw,Canadian (New)
2auigv5pF08RjJ8CL1dIVw,Restaurants
2auigv5pF08RjJ8CL1dIVw,Comfort Food
2auigv5pF08RjJ8CL1dIVw,Sandwiches
2auigv5pF08RjJ8CL1dIVw,Breakfast & Brunch
2auigv5pF08RjJ8CL1dIVw,American (New)
sUXs9ATmb423TcxgtMalzQ,Food
sUXs9ATmb423TcxgtMalzQ,Thai
sUXs9ATmb423TcxgtMalzQ,Restaurants
UJ3J2vIJOrxQ9q7M06Wm4Q,Swimming Pools
UJ3J2vIJOrxQ9q7M06Wm4Q,Beaches
UJ3J2vIJOrxQ9q7M06Wm4Q,Active Life
jqgdPl6C5TMic5001TCY3Q,Car Dealers
jqgdPl6C5TMic5001TCY3Q,Oil Change Stations
jqgdPl6C5TMic5001TCY3Q,Auto Repair
jqgdPl6C5TMic5001TCY3Q,Automotive
d0z2wUeAuqB5eSpMQ4fC1w,Car Dealers
d0z2wUeAuqB5eSpMQ4fC1w,Automotive
d0z2wUeAuqB5eSpMQ4fC1w,Auto Repair
d0z2wUeAuqB5eSpMQ4fC1w,Auto Parts & Supplies
5T0h9YCsXiDZyBsVIN9gcg,Vietnamese
5T0h9YCsXiDZyBsVIN9gcg,Restaurants
zaLFPpm-t89qSDOaFVgwDQ,Restaurants
zaLFPpm-t89qSDOaFVgwDQ,Burgers
ibf4xvHWD4t1DOOZhidHBg,Local Flavor
ibf4xvHWD4t1DOOZhidHBg,Bars
ibf4xvHWD4t1DOOZhidHBg,Nightlife
ibf4xvHWD4t1DOOZhidHBg,Mexican
ibf4xvHWD4t1DOOZhidHBg,Tapas/Small Plates
ibf4xvHWD4t1DOOZhidHBg,Restaurants
59YbAeuiz0isJtRNKATTKw,Bars
59YbAeuiz0isJtRNKATTKw,Sports Bars
59YbAeuiz0isJtRNKATTKw,Nightlife
59YbAeuiz0isJtRNKATTKw,Restaurants
59YbAeuiz0isJtRNKATTKw,Pizza
eSENXDnnNSo-MLLkWJQ8Vg,Restaurants
eSENXDnnNSo-MLLkWJQ8Vg,Food
eSENXDnnNSo-MLLkWJQ8Vg,Mexican
eSENXDnnNSo-MLLkWJQ8Vg,Bars
eSENXDnnNSo-MLLkWJQ8Vg,Nightlife
g3g3dWFoVSYhXQTs4ctGyg,Nightlife
g3g3dWFoVSYhXQTs4ctGyg,Lounges
g3g3dWFoVSYhXQTs4ctGyg,Bars
vQq_sX0kSAUdT3yLW06q5A,Butcher
vQq_sX0kSAUdT3yLW06q5A,Italian
vQq_sX0kSAUdT3yLW06q5A,Restaurants
vQq_sX0kSAUdT3yLW06q5A,Food
vQq_sX0kSAUdT3yLW06q5A,Diners
vQq_sX0kSAUdT3yLW06q5A,Mexican
HFEkIohUqGIudgqbHiK1uA,Restaurants
HFEkIohUqGIudgqbHiK1uA,Breakfast & Brunch
EkuSy_kM8dpGrlb2pTxCBw,Korean
EkuSy_kM8dpGrlb2pTxCBw,Restaurants
EkuSy_kM8dpGrlb2pTxCBw,Barbeque
AOEjA6yCT2htzQCfbPy7vA,Burgers
AOEjA6yCT2htzQCfbPy7vA,Restaurants
E67gGK8yOn9kkNzx8FzQKA,Chicken Wings
E67gGK8yOn9kkNzx8FzQKA,Bars
E67gGK8yOn9kkNzx8FzQKA,Sports Bars
E67gGK8yOn9kkNzx8FzQKA,Nightlife
E67gGK8yOn9kkNzx8FzQKA,Restaurants
E67gGK8yOn9kkNzx8FzQKA,American (Traditional)
vyQD-pu9jFKRXWI9tt16_Q,Pubs
vyQD-pu9jFKRXWI9tt16_Q,Nightlife
vyQD-pu9jFKRXWI9tt16_Q,British
vyQD-pu9jFKRXWI9tt16_Q,Bars
vyQD-pu9jFKRXWI9tt16_Q,Restaurants
vyQD-pu9jFKRXWI9tt16_Q,Gastropubs
xImiQIhC2ZBDEy7LhpQ4nQ,Breakfast & Brunch
xImiQIhC2ZBDEy7LhpQ4nQ,American (New)
xImiQIhC2ZBDEy7LhpQ4nQ,Restaurants
xImiQIhC2ZBDEy7LhpQ4nQ,Diners
j0_DUr3vBXY-JP-b0bf93A,Breakfast & Brunch
j0_DUr3vBXY-JP-b0bf93A,Coffee & Tea
j0_DUr3vBXY-JP-b0bf93A,Bakeries
j0_DUr3vBXY-JP-b0bf93A,Restaurants
j0_DUr3vBXY-JP-b0bf93A,Beer
j0_DUr3vBXY-JP-b0bf93A,Wine & Spirits
j0_DUr3vBXY-JP-b0bf93A,Food
uh7DUWtPoZkuEE05fghJ_w,Bars
uh7DUWtPoZkuEE05fghJ_w,Lounges
uh7DUWtPoZkuEE05fghJ_w,Nightlife
uh7DUWtPoZkuEE05fghJ_w,American (New)
uh7DUWtPoZkuEE05fghJ_w,Restaurants
uh7DUWtPoZkuEE05fghJ_w,Tapas Bars
ACb637NG7EnswRs8U_BX_w,Burgers
ACb637NG7EnswRs8U_BX_w,American (New)
ACb637NG7EnswRs8U_BX_w,Restaurants
ACb637NG7EnswRs8U_BX_w,Nightlife
ACb637NG7EnswRs8U_BX_w,Bars
ACb637NG7EnswRs8U_BX_w,Cocktail Bars
R0iz7n80-mDo2_uL_Q5ANg,Beer
R0iz7n80-mDo2_uL_Q5ANg,Wine & Spirits
R0iz7n80-mDo2_uL_Q5ANg,Nightlife
R0iz7n80-mDo2_uL_Q5ANg,Food
R0iz7n80-mDo2_uL_Q5ANg,Bars
R0iz7n80-mDo2_uL_Q5ANg,Cocktail Bars
mqqpu_OBoaQmtA4wFfG-Yg,Restaurants
mqqpu_OBoaQmtA4wFfG-Yg,Mexican
mqqpu_OBoaQmtA4wFfG-Yg,American (Traditional)
mqqpu_OBoaQmtA4wFfG-Yg,Tex-Mex
wUPoQpzy_LKWMO_pgBgkBg,Breweries
wUPoQpzy_LKWMO_pgBgkBg,American (New)
wUPoQpzy_LKWMO_pgBgkBg,Pizza
wUPoQpzy_LKWMO_pgBgkBg,Food
wUPoQpzy_LKWMO_pgBgkBg,Restaurants
qO_nFskODvrG9O8SNdUY7g,Bars
qO_nFskODvrG9O8SNdUY7g,Breakfast & Brunch
qO_nFskODvrG9O8SNdUY7g,Nightlife
qO_nFskODvrG9O8SNdUY7g,Restaurants
qO_nFskODvrG9O8SNdUY7g,American (Traditional)
S599hCA4kJJO3_b6SRFKoA,Mexican
S599hCA4kJJO3_b6SRFKoA,Restaurants
S599hCA4kJJO3_b6SRFKoA,Breakfast & Brunch
S599hCA4kJJO3_b6SRFKoA,Seafood
sB1lPLICz4nrOuuqgLv50A,Restaurants
sB1lPLICz4nrOuuqgLv50A,American (Traditional)
sB1lPLICz4nrOuuqgLv50A,Steakhouses
VbqtbvvtNOe-YKA61-fSNA,Restaurants
VbqtbvvtNOe-YKA61-fSNA,Bars
VbqtbvvtNOe-YKA61-fSNA,Nightlife
VbqtbvvtNOe-YKA61-fSNA,Sports Bars
VbqtbvvtNOe-YKA61-fSNA,American (Traditional)
Z2iYtj0ybh_ovOyRD8bjMg,Cocktail Bars
Z2iYtj0ybh_ovOyRD8bjMg,Nightlife
Z2iYtj0ybh_ovOyRD8bjMg,Dive Bars
Z2iYtj0ybh_ovOyRD8bjMg,Bars
Z2iYtj0ybh_ovOyRD8bjMg,Pubs
Z2iYtj0ybh_ovOyRD8bjMg,Wine Bars
L3R7y3_tUKQlM9kor4-Ccw,Restaurants
L3R7y3_tUKQlM9kor4-Ccw,Pizza
L3R7y3_tUKQlM9kor4-Ccw,Desserts
L3R7y3_tUKQlM9kor4-Ccw,Food
L3R7y3_tUKQlM9kor4-Ccw,Italian
YXa0A7aXV9wWNR0qJVVSDg,Breakfast & Brunch
YXa0A7aXV9wWNR0qJVVSDg,Burgers
YXa0A7aXV9wWNR0qJVVSDg,Restaurants
zT45hBptOygpgCddHZRsjA,Bookstores
zT45hBptOygpgCddHZRsjA,Books
zT45hBptOygpgCddHZRsjA,Mags
zT45hBptOygpgCddHZRsjA,Music & Video
zT45hBptOygpgCddHZRsjA,Shopping
EQCd_CUFrK_gSARL7s01fw,Cocktail Bars
EQCd_CUFrK_gSARL7s01fw,Nightlife
EQCd_CUFrK_gSARL7s01fw,Bars
EQCd_CUFrK_gSARL7s01fw,Pubs
wu5nk3pY1e_ou_Le_U52Sw,Salad
wu5nk3pY1e_ou_Le_U52Sw,Restaurants
wu5nk3pY1e_ou_Le_U52Sw,Sandwiches
wu5nk3pY1e_ou_Le_U52Sw,American (Traditional)
ZDDzKXN_JXe7694zePRuTQ,Food
ZDDzKXN_JXe7694zePRuTQ,Restaurants
ZDDzKXN_JXe7694zePRuTQ,Chinese
ZDDzKXN_JXe7694zePRuTQ,Coffee & Tea
ZDDzKXN_JXe7694zePRuTQ,Taiwanese
ZDDzKXN_JXe7694zePRuTQ,Tea Rooms
as_fyujgsdwtV56n31z-Sw,Restaurants
as_fyujgsdwtV56n31z-Sw,Latin American
as_fyujgsdwtV56n31z-Sw,Mexican
DqcD3YflYhArFsC4KVUnOw,Food
DqcD3YflYhArFsC4KVUnOw,Bakeries
DqcD3YflYhArFsC4KVUnOw,Desserts
DqcD3YflYhArFsC4KVUnOw,Cupcakes
DqcD3YflYhArFsC4KVUnOw,Restaurants
pRmb8_tAP5y4YPt_viL07g,Food
pRmb8_tAP5y4YPt_viL07g,Health Markets
pRmb8_tAP5y4YPt_viL07g,Specialty Food
pRmb8_tAP5y4YPt_viL07g,Organic Stores
pRmb8_tAP5y4YPt_viL07g,Grocery
lvuuyYZ-CzFrg1BLdV2OPw,Fast Food
lvuuyYZ-CzFrg1BLdV2OPw,Cocktail Bars
lvuuyYZ-CzFrg1BLdV2OPw,Restaurants
lvuuyYZ-CzFrg1BLdV2OPw,Mexican
lvuuyYZ-CzFrg1BLdV2OPw,Bars
lvuuyYZ-CzFrg1BLdV2OPw,Nightlife
fL2vdjn-ApNcsVntxtg4Dg,Mexican
fL2vdjn-ApNcsVntxtg4Dg,Arts & Entertainment
fL2vdjn-ApNcsVntxtg4Dg,Restaurants
fL2vdjn-ApNcsVntxtg4Dg,Hotels & Travel
fL2vdjn-ApNcsVntxtg4Dg,Casinos
fL2vdjn-ApNcsVntxtg4Dg,Steakhouses
fL2vdjn-ApNcsVntxtg4Dg,Hotels
fL2vdjn-ApNcsVntxtg4Dg,Event Planning & Services
fL2vdjn-ApNcsVntxtg4Dg,Seafood
qVO3l9Q0-KVQE7W9JL9ePw,Korean
qVO3l9Q0-KVQE7W9JL9ePw,Food
qVO3l9Q0-KVQE7W9JL9ePw,Restaurants
qVO3l9Q0-KVQE7W9JL9ePw,Grocery
qVO3l9Q0-KVQE7W9JL9ePw,Food Stands
qVO3l9Q0-KVQE7W9JL9ePw,Ethic Grocery
Cf0iV72DTqR0ggBje2d0sg,Food
Cf0iV72DTqR0ggBje2d0sg,Coffee & Tea
fo0I_-vX1xNsjS2JcnhlMw,Food
fo0I_-vX1xNsjS2JcnhlMw,Coffee & Tea
IZNhxNgoIQL4tt0Ync8g4Q,Nightlife
IZNhxNgoIQL4tt0Ync8g4Q,Arcades
IZNhxNgoIQL4tt0Ync8g4Q,Bars
IZNhxNgoIQL4tt0Ync8g4Q,Arts & Entertainment
w2yx8dfNXi3TcPZSdQOw3A,Italian
w2yx8dfNXi3TcPZSdQOw3A,Pizza
w2yx8dfNXi3TcPZSdQOw3A,Restaurants
c4KXpCou6HBOgfKp2z2_hw,Breakfast & Brunch
c4KXpCou6HBOgfKp2z2_hw,Restaurants
c4KXpCou6HBOgfKp2z2_hw,Southern
c4KXpCou6HBOgfKp2z2_hw,Cafes
c4KXpCou6HBOgfKp2z2_hw,American (New)
_jsxUnZ8Iq8_kZNQcnzyrQ,Casinos
_jsxUnZ8Iq8_kZNQcnzyrQ,Hotels
_jsxUnZ8Iq8_kZNQcnzyrQ,Event Planning & Services
_jsxUnZ8Iq8_kZNQcnzyrQ,Arts & Entertainment
_jsxUnZ8Iq8_kZNQcnzyrQ,Beauty & Spas
_jsxUnZ8Iq8_kZNQcnzyrQ,Day Spas
_jsxUnZ8Iq8_kZNQcnzyrQ,Hostels
_jsxUnZ8Iq8_kZNQcnzyrQ,Hotels & Travel
uC3qwaxsOkdJzpOc0v1Mog,American (Traditional)
uC3qwaxsOkdJzpOc0v1Mog,Restaurants
uC3qwaxsOkdJzpOc0v1Mog,Belgian
uC3qwaxsOkdJzpOc0v1Mog,Breakfast & Brunch
LBBp51YHui5gvXNSyUcLKg,Nightlife
LBBp51YHui5gvXNSyUcLKg,Mexican
LBBp51YHui5gvXNSyUcLKg,Restaurants
1FlIbmN4aNJuXsGK0shnfQ,American (New)
1FlIbmN4aNJuXsGK0shnfQ,Soul Food
1FlIbmN4aNJuXsGK0shnfQ,Restaurants
1FlIbmN4aNJuXsGK0shnfQ,Sandwiches
1FlIbmN4aNJuXsGK0shnfQ,Southern
lkjgZcgbpbYR_mXoGXWmQw,Restaurants
lkjgZcgbpbYR_mXoGXWmQw,Japanese
lkjgZcgbpbYR_mXoGXWmQw,Sushi Bars
0J_NiF5Lb0bFM5v6ZY-uGw,Restaurants
0J_NiF5Lb0bFM5v6ZY-uGw,Diners
0J_NiF5Lb0bFM5v6ZY-uGw,Greek
H8RPjZJMrDC7nNcx2S6nHQ,Shopping
H8RPjZJMrDC7nNcx2S6nHQ,Home & Garden
H8RPjZJMrDC7nNcx2S6nHQ,Furniture Stores
H8RPjZJMrDC7nNcx2S6nHQ,Home Decor
H8RPjZJMrDC7nNcx2S6nHQ,Mattresses
7ZUYzw56X2WPcjmEWI6zIA,Food
7ZUYzw56X2WPcjmEWI6zIA,Grocery
7ZUYzw56X2WPcjmEWI6zIA,Beer
7ZUYzw56X2WPcjmEWI6zIA,Wine & Spirits
4twpbw7n4DmsLxAm6-sMkg,Restaurants
4twpbw7n4DmsLxAm6-sMkg,Korean
jGlk7K1-IB8XyhlBEmeEHQ,Carpeting
jGlk7K1-IB8XyhlBEmeEHQ,Local Services
jGlk7K1-IB8XyhlBEmeEHQ,Home Services
jGlk7K1-IB8XyhlBEmeEHQ,Carpet Cleaning
jGlk7K1-IB8XyhlBEmeEHQ,Home Cleaning
kPorLswaS8h4xy-notLk9Q,Museums
kPorLswaS8h4xy-notLk9Q,Shopping
kPorLswaS8h4xy-notLk9Q,Education
kPorLswaS8h4xy-notLk9Q,Art Galleries
kPorLswaS8h4xy-notLk9Q,Educational Services
kPorLswaS8h4xy-notLk9Q,Arts & Entertainment
kPorLswaS8h4xy-notLk9Q,Cinema
zOL260xaXDYZZPBItzALxQ,Ice Cream & Frozen Yogurt
zOL260xaXDYZZPBItzALxQ,Sandwiches
zOL260xaXDYZZPBItzALxQ,Restaurants
zOL260xaXDYZZPBItzALxQ,American (Traditional)
zOL260xaXDYZZPBItzALxQ,Burgers
zOL260xaXDYZZPBItzALxQ,Food
zOL260xaXDYZZPBItzALxQ,Shopping
zOL260xaXDYZZPBItzALxQ,Comfort Food
zOL260xaXDYZZPBItzALxQ,Antiques
BOQOuwSNhfKx1xvKtONsBg,Pizza
BOQOuwSNhfKx1xvKtONsBg,Restaurants
BOQOuwSNhfKx1xvKtONsBg,Italian
3saG51hM2M14G5f-QwhGhg,Gelato
3saG51hM2M14G5f-QwhGhg,Food
3saG51hM2M14G5f-QwhGhg,Desserts
3saG51hM2M14G5f-QwhGhg,Ice Cream & Frozen Yogurt
N8ArHOgRDI8wOJIOZaEHyg,Restaurants
N8ArHOgRDI8wOJIOZaEHyg,Italian
N8ArHOgRDI8wOJIOZaEHyg,Wine Bars
N8ArHOgRDI8wOJIOZaEHyg,Bars
N8ArHOgRDI8wOJIOZaEHyg,Salad
N8ArHOgRDI8wOJIOZaEHyg,Nightlife
LGEIsxeJQATo9J1IA-TEdA,Tex-Mex
LGEIsxeJQATo9J1IA-TEdA,Restaurants
LGEIsxeJQATo9J1IA-TEdA,Mexican
6g2EQgi1QiXcp9TvbyG-Ig,Car Rental
6g2EQgi1QiXcp9TvbyG-Ig,Hotels & Travel
6g2EQgi1QiXcp9TvbyG-Ig,Vacation Rentals
sQV-yfhFjeRWnHw66n8qrQ,Restaurants
sQV-yfhFjeRWnHw66n8qrQ,Nightlife
sQV-yfhFjeRWnHw66n8qrQ,Seafood
sQV-yfhFjeRWnHw66n8qrQ,Bars
sQV-yfhFjeRWnHw66n8qrQ,Steakhouses
xpocpPlEWaQygGMLSvjelQ,Hair Salons
xpocpPlEWaQygGMLSvjelQ,Beauty & Spas
xpocpPlEWaQygGMLSvjelQ,Skin Care
xpocpPlEWaQygGMLSvjelQ,Day Spas
xpocpPlEWaQygGMLSvjelQ,Nail Salons
xpocpPlEWaQygGMLSvjelQ,Barbers
9NaZIhfRPkxRJn1eA9zrTA,Gastropubs
9NaZIhfRPkxRJn1eA9zrTA,Restaurants
9NaZIhfRPkxRJn1eA9zrTA,Breweries
9NaZIhfRPkxRJn1eA9zrTA,American (Traditional)
9NaZIhfRPkxRJn1eA9zrTA,Bars
9NaZIhfRPkxRJn1eA9zrTA,Nightlife
9NaZIhfRPkxRJn1eA9zrTA,Food
DMmeFKsUuMl0kDy7Zd7W3A,Bars
DMmeFKsUuMl0kDy7Zd7W3A,Mexican
DMmeFKsUuMl0kDy7Zd7W3A,Restaurants
DMmeFKsUuMl0kDy7Zd7W3A,Nightlife
zEOfVGv6DeprEzmFYMFhXA,Steakhouses
zEOfVGv6DeprEzmFYMFhXA,Restaurants
7aZf5c1UNotq4MabBXMZLA,Chinese
7aZf5c1UNotq4MabBXMZLA,Restaurants
7aZf5c1UNotq4MabBXMZLA,Szechuan
10tJuB_YkVQWuk4PtoI7iA,Pizza
10tJuB_YkVQWuk4PtoI7iA,Restaurants
10tJuB_YkVQWuk4PtoI7iA,Cafes
qJf61TR4Jq9Xph5RiXPS9A,Restaurants
qJf61TR4Jq9Xph5RiXPS9A,Coffee & Tea
qJf61TR4Jq9Xph5RiXPS9A,Creperies
qJf61TR4Jq9Xph5RiXPS9A,Food
tMYYSWyTppDcF070Hmy-kQ,Chicken Shop
tMYYSWyTppDcF070Hmy-kQ,Fast Food
tMYYSWyTppDcF070Hmy-kQ,American (New)
tMYYSWyTppDcF070Hmy-kQ,Restaurants
tMYYSWyTppDcF070Hmy-kQ,Chicken Wings
BSDKbSLFO3CP-uhfcuUCkA,Restaurants
BSDKbSLFO3CP-uhfcuUCkA,Nightlife
BSDKbSLFO3CP-uhfcuUCkA,Sports Bars
BSDKbSLFO3CP-uhfcuUCkA,Arts & Entertainment
BSDKbSLFO3CP-uhfcuUCkA,Bars
BSDKbSLFO3CP-uhfcuUCkA,Arcades
9p-cpmHaga-EXyc6ZzYCcQ,Nightlife
9p-cpmHaga-EXyc6ZzYCcQ,Cocktail Bars
9p-cpmHaga-EXyc6ZzYCcQ,Arts & Entertainment
9p-cpmHaga-EXyc6ZzYCcQ,Champagne Bars
9p-cpmHaga-EXyc6ZzYCcQ,Lounges
9p-cpmHaga-EXyc6ZzYCcQ,Bars
9p-cpmHaga-EXyc6ZzYCcQ,Music Venues
6nbmlMVmbifIjrEEbCaA6w,Restaurants
6nbmlMVmbifIjrEEbCaA6w,Modern European
6nbmlMVmbifIjrEEbCaA6w,Specialty Food
6nbmlMVmbifIjrEEbCaA6w,Food
6nbmlMVmbifIjrEEbCaA6w,Ethnic Food
wY3dlpLa0BHfDENYAPYuZA,American (Traditional)
wY3dlpLa0BHfDENYAPYuZA,American (New)
wY3dlpLa0BHfDENYAPYuZA,Restaurants
trodK1jXLGIn5qjJCooIpQ,Southern
trodK1jXLGIn5qjJCooIpQ,Restaurants
trodK1jXLGIn5qjJCooIpQ,Breakfast & Brunch
trodK1jXLGIn5qjJCooIpQ,American (New)
Vbkb2shDxUE8H3PzrFnypA,Ice Cream & Frozen Yogurt
Vbkb2shDxUE8H3PzrFnypA,Local Flavor
Vbkb2shDxUE8H3PzrFnypA,Food
Vbkb2shDxUE8H3PzrFnypA,Burgers
Vbkb2shDxUE8H3PzrFnypA,American (Traditional)
Vbkb2shDxUE8H3PzrFnypA,Arts & Entertainment
Vbkb2shDxUE8H3PzrFnypA,Museums
Vbkb2shDxUE8H3PzrFnypA,Restaurants
Vbkb2shDxUE8H3PzrFnypA,Delis
ZosrzTfiiPhbURA04AQTUA,Diners
ZosrzTfiiPhbURA04AQTUA,Sandwiches
ZosrzTfiiPhbURA04AQTUA,Burgers
ZosrzTfiiPhbURA04AQTUA,Restaurants
z0cjTX7o6gJsXm2hWHaKGw,Food
z0cjTX7o6gJsXm2hWHaKGw,Coffee & Tea
z0cjTX7o6gJsXm2hWHaKGw,Desserts
z0cjTX7o6gJsXm2hWHaKGw,Coffeeshops
z0cjTX7o6gJsXm2hWHaKGw,Nightlife
o6Yor6ofIw2TqM3mN28Kzg,Latin American
o6Yor6ofIw2TqM3mN28Kzg,Mexican
o6Yor6ofIw2TqM3mN28Kzg,Restaurants
e1RcTvtihmYdf8At7hLgRw,Arts & Entertainment
e1RcTvtihmYdf8At7hLgRw,Nightlife
e1RcTvtihmYdf8At7hLgRw,Bars
e1RcTvtihmYdf8At7hLgRw,Adult Entertainment
e1RcTvtihmYdf8At7hLgRw,Restaurants
e1RcTvtihmYdf8At7hLgRw,Buffets
e1RcTvtihmYdf8At7hLgRw,Casinos
Fozo0B-y42EhRMomR0K5vQ,Restaurants
Fozo0B-y42EhRMomR0K5vQ,Ice Cream & Frozen Yogurt
Fozo0B-y42EhRMomR0K5vQ,American (New)
Fozo0B-y42EhRMomR0K5vQ,Breakfast & Brunch
Fozo0B-y42EhRMomR0K5vQ,Food
Fozo0B-y42EhRMomR0K5vQ,Desserts
Fozo0B-y42EhRMomR0K5vQ,Specialty Food
HaPwC4nxs6RPfe1pAQkQ4A,Italian
HaPwC4nxs6RPfe1pAQkQ4A,Seafood
HaPwC4nxs6RPfe1pAQkQ4A,Restaurants
JwyH48vqADWY6HieOMDxgQ,Restaurants
JwyH48vqADWY6HieOMDxgQ,Mediterranean
JwyH48vqADWY6HieOMDxgQ,Greek
JwyH48vqADWY6HieOMDxgQ,American (Traditional)
0xfVubbU3z8O2NcuEYSQNg,Restaurants
0xfVubbU3z8O2NcuEYSQNg,Nightlife
0xfVubbU3z8O2NcuEYSQNg,Sushi Bars
0xfVubbU3z8O2NcuEYSQNg,Japanese
0xfVubbU3z8O2NcuEYSQNg,Bars
ho1vUk9R7Ole9aNmX6NMDA,Transportation
ho1vUk9R7Ole9aNmX6NMDA,Airlines
ho1vUk9R7Ole9aNmX6NMDA,Hotels & Travel
nMaIIKEAW2cTEWbEyeFyXQ,Restaurants
nMaIIKEAW2cTEWbEyeFyXQ,Thai
